osm_id,name,ref,type,oneway,maxspeed,geometry1
3058517,,A4,motorway,1,0,"LINESTRING (9.5883196 45.6261885, 9.5844967 45.6241333, 9.5824147 45.6232199, 9.5800033 45.6223444, 9.5780668 45.6216926, 9.5599073 45.615505)"
4057541,A4,A4,motorway,1,130,"LINESTRING (10.8385431 45.4177987, 10.8419599 45.4177255, 10.8440799 45.4175448, 10.8457364 45.4173219, 10.8475217 45.4170267, 10.8527745 45.4161169, 10.853433 45.41602, 10.8566197 45.415424, 10.8577785 45.4152493, 10.8589715 45.4150927, 10.8604049 45.414936, 10.8617782 45.4148276, 10.8639068 45.414695, 10.868432 45.4144473, 10.870977 45.414308, 10.8730393 45.4141776, 10.8735284 45.4141467, 10.8760604 45.4139901, 10.8804378 45.413731, 10.886218 45.413423, 10.8880853 45.4132912, 10.8898791 45.4131887, 10.8913039 45.4130622, 10.8931321 45.4128453, 10.8942651 45.4126886, 10.8952092 45.412544, 10.8960504 45.4123934, 10.8969087 45.4122126, 10.8982476 45.4119234, 10.8994578 45.4116041, 10.902925 45.410683, 10.9062556 45.4097362, 10.9132516 45.4078835, 10.9161004 45.4070608, 10.9208365 45.4057589, 10.9233158 45.4051742, 10.9272316 45.4041353, 10.9311657 45.4033495, 10.9350817 45.4025776, 10.9561242 45.3982247, 10.9612925 45.3975982, 10.9644749 45.3974134, 10.967902 45.3973402, 10.9707859 45.3971955, 10.9796171 45.3968466, 10.9832873 45.3969419, 10.9894054 45.3977772, 10.9951076 45.3984729, 11.0037268 45.3991708, 11.0273471 45.4016417, 11.0299045 45.401904, 11.0343423 45.4022564, 11.0408152 45.4027753, 11.0563402 45.4043192, 11.0673265 45.4051841, 11.0707825 45.4055575, 11.0733147 45.4060603, 11.0908003 45.4107045, 11.0912258 45.4108196, 11.0950589 45.4118797, 11.1088346 45.4156711, 11.123298 45.4207655, 11.1253928 45.4212269, 11.1278968 45.4216582, 11.1309752 45.4219348, 11.1325488 45.4219489, 11.1610944 45.419768, 11.1720504 45.4192449, 11.174914 45.4189541, 11.1825885 45.4171844, 11.1871398 45.4161349, 11.1903664 45.4153909, 11.1926688 45.4149481, 11.1965943 45.4144431, 11.2254015 45.4116984, 11.2299633 45.4112638, 11.2365409 45.410682, 11.2419666 45.4101482, 11.2475469 45.4095991, 11.2528617 45.4090761, 11.2534123 45.4090168, 11.253456 45.4090126, 11.257726 45.4085996, 11.258151 45.4085585, 11.2601917 45.4085623, 11.2614964 45.4085648, 11.2646054 45.4085706, 11.2700005 45.4088185, 11.2717876 45.4090168, 11.2738396 45.4093477, 11.3152301 45.4191312, 11.318337 45.4200308, 11.3222904 45.4215791, 11.3540092 45.435322, 11.357277 45.4367107, 11.3573954 45.4367611, 11.3589432 45.4374204, 11.3632084 45.4392371, 11.3660467 45.4401944, 11.3701086 45.4411783, 11.3742019 45.4424032, 11.3767964 45.4435201, 11.3768797 45.4435685, 11.3791315 45.4448764, 11.3814256 45.44647, 11.3881037 45.4516597, 11.390909 45.4532975, 11.3966872 45.4558824, 11.3986869 45.4567769, 11.4008854 45.4581716, 11.4048307 45.4614053, 11.4077561 45.4637936, 11.4214395 45.4732597, 11.4218991 45.4736112, 11.4253105 45.4758306, 11.4280222 45.4777408, 11.4298396 45.4792187, 11.4339741 45.4829359, 11.4392701 45.4877294, 11.4424147 45.4906174)"
4531752,Brenner Autobahn,A13,motorway,1,0,"LINESTRING (11.5072597 47.0029374, 11.507518 47.00362, 11.5078624 47.0042188, 11.5084 47.00506, 11.508801 47.005618, 11.5089146 47.0059238, 11.5088899 47.0067399, 11.5087878 47.0077946, 11.5086432 47.0086537, 11.5084816 47.0095212, 11.5081759 47.0105503, 11.5079186 47.0110612, 11.5078574 47.0111826)"
4571471,,A4,motorway,1,0,"LINESTRING (13.281956 45.8951463, 13.2805657 45.8937487, 13.2788972 45.8924873, 13.2772329 45.8915199, 13.2741908 45.8898693, 13.269935 45.887584, 13.2682452 45.8866815, 13.2645959 45.8847232, 13.2622739 45.8835293, 13.2608789 45.8828489, 13.2578323 45.8815425, 13.2570194 45.8812345, 13.2535701 45.8799535, 13.2505312 45.8788272, 13.2145278 45.8656483, 13.2139983 45.8654898, 13.1812535 45.8556902, 13.1746961 45.8536505, 13.1530576 45.8465741, 13.1190274 45.8354383, 13.1160934 45.8344888, 13.1139333 45.8338316, 13.1121782 45.8333432, 13.1082128 45.8324542, 13.1056856 45.8319788, 13.1026805 45.8314932, 13.0875374 45.8293347, 13.052746 45.8242894, 13.0503092 45.8238131, 13.0477206 45.8232646, 13.0454019 45.8227092, 13.0353429 45.8197619, 13.0336788 45.8193684, 13.0317779 45.8189464, 13.0299107 45.8186941, 13.020803 45.8179349, 13.0172894 45.8176219, 13.0088464 45.8169382, 13.0057019 45.8165697, 13.0043903 45.816354, 12.999902 45.8155381, 12.9980151 45.815186, 12.9947792 45.814601, 12.9742716 45.8108999, 12.9686659 45.8099308, 12.9668228 45.8096797, 12.9643907 45.8093674, 12.9615364 45.8091059, 12.9415522 45.8075432, 12.9223762 45.8060275, 12.9128761 45.805258, 12.9100537 45.8050664, 12.9071962 45.8049209, 12.9033997 45.8049257, 12.8983665 45.8050865, 12.8954895 45.8051989, 12.8921343 45.8051823, 12.8896409 45.8050835, 12.8872047 45.8049334, 12.8845468 45.8046998, 12.8814284 45.8043152, 12.8784456 45.8038326, 12.8423954 45.7971771, 12.8386625 45.796321, 12.8360988 45.7956176, 12.8335817 45.794868, 12.8255391 45.792275, 12.821943 45.7912647, 12.8192627 45.7905792, 12.8175789 45.7902058, 12.8149966 45.789721, 12.812379 45.7893063, 12.8105768 45.7890642, 12.8067895 45.7885902, 12.8030854 45.7881051, 12.7985546 45.7873695, 12.793811 45.786301, 12.7894955 45.7851484, 12.7856346 45.7839444, 12.7814772 45.7824358, 12.778042 45.7810095, 12.7744968 45.779302, 12.7725513 45.7783108, 12.7701704 45.7770085, 12.7498839 45.7658693, 12.746561 45.7639074, 12.7381567 45.7584144, 12.7350563 45.7564303, 12.7326464 45.7550459, 12.7294811 45.7533824, 12.727015 45.7522578, 12.722855 45.7505636)"
4638273,A4,A4,motorway,1,130,"LINESTRING (11.692046 45.4832324, 11.6796349 45.4878659, 11.6781157 45.4882871, 11.6626741 45.492515, 11.6608171 45.4930404, 11.642548 45.4994048, 11.6385882 45.5007617, 11.6231116 45.5053309, 11.6176797 45.5069345, 11.6125769 45.5084266, 11.6051053 45.5106112, 11.5999254 45.5121257, 11.5870685 45.5158847, 11.5830649 45.5169304, 11.5802407 45.5172002, 11.5758104 45.5169036, 11.5644121 45.5159173, 11.5611505 45.5157549, 11.5560178 45.5157609, 11.5456838 45.5160556, 11.5336418 45.5169397, 11.5250158 45.5180643, 11.5098238 45.5180824, 11.5058756 45.5180163, 11.5040731 45.5179861, 11.5028464 45.5179091, 11.5022535 45.5178719, 11.5002451 45.517505, 11.4976493 45.516716, 11.4954059 45.5159157, 11.4951286 45.5158168, 11.4950699 45.5157959, 11.4917634 45.5145979, 11.491538 45.5145162, 11.4898939 45.5139205, 11.4819288 45.5110756, 11.4739895 45.5082366, 11.4717064 45.5074065, 11.4680328 45.5062395, 11.4617328 45.5047357, 11.4577675 45.5031716, 11.4557504 45.5020708, 11.4540338 45.5009338, 11.4487896 45.4962533, 11.4428148 45.4911379, 11.4425092 45.4908761, 11.4384641 45.4870836, 11.4349365 45.4839003, 11.4297437 45.4792124, 11.42801 45.4778161, 11.4252376 45.4758782, 11.4219246 45.4737235, 11.4204397 45.4726943, 11.4130754 45.4675841, 11.4087839 45.4645923, 11.4077282 45.463888, 11.4043207 45.4611008, 11.4008445 45.4582351, 11.398673 45.4568504, 11.3909311 45.4533764, 11.3900415 45.4528638, 11.3880344 45.4517073, 11.3813653 45.4465169, 11.3813212 45.4464862, 11.379568 45.4452654, 11.3790908 45.4449331, 11.376782 45.4435842, 11.3742414 45.4424822, 11.3700614 45.4412537, 11.3661046 45.4402901, 11.3631864 45.4393085, 11.3594399 45.4377195, 11.3542686 45.4355263, 11.3459249 45.4319011, 11.3456598 45.4317859, 11.3361068 45.4276418, 11.329515 45.4247745, 11.3238416 45.4223166, 11.322228 45.4216118, 11.3183055 45.4200816, 11.3151813 45.4191719, 11.3057142 45.4169488, 11.296659 45.4148099, 11.2916122 45.4136169, 11.2826686 45.4115201, 11.2760597 45.4099475, 11.273871 45.4094474, 11.2718969 45.4090979, 11.2700429 45.4089051, 11.2646785 45.408652, 11.2581897 45.4086219, 11.2544108 45.4090019, 11.2492633 45.4095197, 11.2473673 45.4097021, 11.2403713 45.4103753, 11.2367382 45.4107181, 11.2316852 45.4111948, 11.2289365 45.4114487, 11.2238574 45.4119178, 11.2143903 45.4128156, 11.2053781 45.4136832, 11.1965804 45.4145147, 11.1927181 45.4149967, 11.1904521 45.4154305, 11.1843753 45.4168343, 11.1755691 45.4188767, 11.1749511 45.4190273, 11.1721015 45.4193104, 11.1638017 45.41969, 11.1612268 45.4198105, 11.1532188 45.420431, 11.1455761 45.42101, 11.1424041 45.4212503, 11.1325336 45.4220094, 11.131023 45.4220094, 11.1279159 45.4217383, 11.1255126 45.4213286, 11.1236673 45.420919, 11.123281 45.4208346, 11.1175647 45.4188104, 11.1103034 45.4162619, 11.1088443 45.4157558, 11.1069303 45.4152317, 11.1043897 45.4145388, 11.0952659 45.4120202, 11.0937499 45.4116106, 11.0885372 45.4102021, 11.0882192 45.4101162, 11.0828634 45.4086942, 11.0790353 45.4076638, 11.0737052 45.4062537, 11.0708385 45.4056632, 11.0667014 45.4051931, 11.0555091 45.4043434, 11.0463424 45.4034335, 11.0409866 45.4029032, 11.0340686 45.4023246, 11.0280261 45.4018305, 11.0226703 45.4012519, 11.0136838 45.4003118, 11.0073066 45.399673, 11.003882 45.3992873, 10.995831 45.3986303, 10.9951959 45.3985821, 10.9895568 45.3978951, 10.9833083 45.3970453, 10.9796605 45.3969428, 10.9745794 45.3971176, 10.9706049 45.3973056, 10.9664255 45.3975033, 10.9642454 45.3975395, 10.9625288 45.3976365, 10.9620052 45.3976661, 10.9612928 45.3977143, 10.956203 45.398323, 10.9475856 45.4000828, 10.9399896 45.4016015, 10.9351048 45.4026769, 10.9312046 45.4034549, 10.9273134 45.4042362, 10.9233602 45.405278, 10.9193048 45.4063117, 10.9132767 45.4080627, 10.9109733 45.4086238, 10.9073005 45.4096072, 10.9052196 45.4101644, 10.8987308 45.4119359, 10.8951259 45.4127011, 10.8927444 45.4130367, 10.8909545 45.4132072, 10.885942 45.4135627, 10.8809123 45.4138158, 10.8727974 45.4143261, 10.8640684 45.4148141, 10.8616565 45.4149587, 10.8602489 45.4150792, 10.8586096 45.4152539, 10.8570045 45.4154949, 10.8517513 45.4163945, 10.848331 45.417003, 10.8457475 45.4174127, 10.8450915 45.4175016, 10.8442369 45.4176175, 10.8420568 45.4178224, 10.8405547 45.4178585, 10.8385767 45.4179109, 10.8359371 45.4178706, 10.8290019 45.4173404, 10.824026 45.4170885, 10.8188525 45.4167139, 10.8144316 45.4164027, 10.8124109 45.4163267, 10.8104927 45.4163554, 10.8080082 45.4165122, 10.8040697 45.4169472, 10.79947 45.4174521, 10.7951401 45.4179745, 10.7924314 45.4184095, 10.787566 45.4195244, 10.7823349 45.4211887, 10.7765422 45.423401, 10.7745853 45.4241178, 10.7725768 45.4246841, 10.7704737 45.4252302, 10.76713 45.4256813, 10.7634376 45.4260445, 10.7571302 45.426668, 10.7507759 45.4272951, 10.7402497 45.4283854, 10.7359224 45.4288379, 10.7309661 45.4293285, 10.7279858 45.4294892, 10.7198067 45.4295334, 10.7126351 45.4294698, 10.7085792 45.4294289, 10.7060842 45.4294062, 10.7029093 45.4293844)"
4784935,,A4,motorway,1,0,"LINESTRING (11.9583563 45.4222944, 11.9607668 45.4227745)"
4847199,,A4,motorway,1,0,"LINESTRING (12.3593272 45.5827458, 12.3579663 45.58179, 12.3553368 45.5800621, 12.3532039 45.5787693, 12.3516238 45.5779, 12.3482059 45.5760215)"
4847202,,A4,motorway,1,0,"LINESTRING (12.3595259 45.5827165, 12.3597989 45.5829173)"
4911322,,A4,motorway,1,0,"LINESTRING (9.1304682 45.5206473, 9.1288498 45.5198975, 9.1258653 45.5183263, 9.1229437 45.5164559, 9.122331 45.5161752, 9.121457 45.5158605, 9.1199375 45.5156058, 9.114376 45.5154154, 9.0945319 45.5145373, 9.0910723 45.5143779, 9.0833051 45.5140716, 9.0827643 45.5140355, 9.0775375 45.5137194, 9.0726451 45.5134187, 9.0713695 45.5133124)"
4911382,,A4,motorway,1,0,"LINESTRING (9.0612135 45.5120396, 9.0613827 45.5120611, 9.0619042 45.5121255, 9.0623841 45.5122732, 9.0631963 45.5124208, 9.0642322 45.5125242, 9.0645439 45.51255, 9.0675554 45.5128894, 9.0712227 45.5131858)"
4986295,,Autostrada Bolog,motorway,1,0,"LINESTRING (11.7722689 45.1229202, 11.7726659 45.1238375, 11.7730092 45.1248514, 11.7732345 45.1258706, 11.7741143 45.1301729, 11.7746722 45.1328176, 11.7750906 45.1354837, 11.7756163 45.1537871, 11.7760884 45.1687109, 11.7764317 45.178222, 11.7765927 45.1836776, 11.7763244 45.1875293, 11.775978 45.1903877, 11.7756163 45.1933818, 11.7749833 45.1984512, 11.7748327 45.2029304, 11.7748117 45.207222, 11.7747225 45.2253376, 11.7746601 45.2379976, 11.7746528 45.2394945, 11.7746464 45.2407993)"
5441531,A4,A4,motorway,1,0,"LINESTRING (8.5072956 45.469738, 8.5035248 45.4694633, 8.4970876 45.4690125, 8.479526 45.4677893, 8.4637901 45.4665219, 8.4560957 45.4659462, 8.4522066 45.4656307, 8.447649 45.4652816, 8.4436693 45.4650459, 8.4402701 45.4648677, 8.4363734 45.4645667, 8.42755 45.464049, 8.4193532 45.4636457, 8.409826 45.463122, 8.3959042 45.4623634, 8.3868062 45.4618758, 8.379296 45.4614604, 8.3763177 45.4612859, 8.369743 45.4606718, 8.3658243 45.4601933, 8.3528258 45.4581252, 8.3471185 45.4571605, 8.3428437 45.4564756, 8.3322991 45.4547141, 8.3230546 45.4532087, 8.3162705 45.4520744, 8.3095328 45.4509605, 8.3078588 45.4507623, 8.3016536 45.4496719, 8.2939545 45.4483713, 8.2859809 45.4470887, 8.2797019 45.4461048, 8.2732522 45.4451377, 8.2495449 45.441247, 8.2424471 45.4400424)"
5443550,A4,A4,motorway,1,0,"LINESTRING (8.5073385 45.4695854, 8.5215216 45.4705734, 8.5437406 45.4722134, 8.5552578 45.4730091, 8.5653239 45.4738409, 8.5709501 45.4744036, 8.5772278 45.4746701, 8.5829429 45.4748477, 8.5893094 45.4746108, 8.5955871 45.4739117, 8.6143051 45.4710425, 8.6149979 45.4709435, 8.6224663 45.4698858, 8.6286535 45.4692535, 8.6347809 45.4689522, 8.6432219 45.4688644, 8.6473351 45.4687691, 8.6685858 45.4684753, 8.6712427 45.46838, 8.6739416 45.46838, 8.6831855 45.4682391, 8.7339224 45.467433, 8.7520805 45.4672291, 8.7579801 45.4673876)"
5443552,A4,A4,motorway,1,0,"LINESTRING (8.7580022 45.4676184, 8.7520981 45.4673876, 8.7338889 45.467608, 8.7158136 45.468001, 8.6788293 45.4686427, 8.676384 45.4686852, 8.6750555 45.4686241, 8.6712427 45.4686241, 8.6591606 45.4687386, 8.653592 45.4688554, 8.6532153 45.4688687, 8.651062 45.468895, 8.6472912 45.4689217, 8.6347809 45.4691315, 8.6316099 45.4692535, 8.6286955 45.4694328, 8.6225627 45.4701107, 8.6149526 45.4711635, 8.6144015 45.4712352, 8.595676 45.4741074, 8.5893687 45.4748181, 8.5829725 45.4751142, 8.5772278 45.474907, 8.5710093 45.4745812, 8.5635027 45.4739443, 8.5552976 45.4732481, 8.5437406 45.4723868, 8.5321945 45.4716149, 8.5215216 45.4707565, 8.5072956 45.469738)"
5445619,A4,A4,motorway,1,0,"LINESTRING (8.7579801 45.4673876, 8.7651457 45.4676658, 8.7746813 45.4684132, 8.785118 45.4695088, 8.7961599 45.4707133, 8.8029673 45.4713905, 8.8083491 45.4719964, 8.8119489 45.472531, 8.8159407 45.4733508, 8.8210373 45.4744913, 8.8249935 45.4757387, 8.8287582 45.4769492, 8.8336819 45.4786837, 8.8388853 45.4804741, 8.8421584 45.4816491, 8.8446404 45.4823432, 8.8463162 45.4828244, 8.8477763 45.4832392, 8.8491368 45.4837369, 8.8501157 45.4842015, 8.8527703 45.4852136, 8.8569711 45.4869059, 8.8624601 45.4891783, 8.8655046 45.4900275, 8.8676293 45.4905001, 8.8724787 45.4914861, 8.8772705 45.4923458, 8.8797139 45.4927191, 8.8816378 45.4930129, 8.8840006 45.4931915, 8.8862536 45.4937114, 8.8881056 45.4941514, 8.9104005 45.4976322, 8.919642 45.4986313, 8.923379 45.4990273, 8.9270041 45.4994285, 8.9313186 45.4998801, 8.9408722 45.5007543, 8.9572321 45.5024402, 8.9692855 45.5034249, 8.9820081 45.5044695, 8.9916341 45.5051598, 8.9999914 45.505794, 9.0104813 45.5065939, 9.0273857 45.5085146, 9.0305996 45.5088634, 9.0503827 45.5110595, 9.0567539 45.5117378, 9.058526 45.5119593, 9.0600213 45.5120886, 9.0605244 45.512031, 9.0607227 45.5119963, 9.0612135 45.5120396)"
5446585,A4,A4,motorway,1,0,"LINESTRING (9.061119 45.5126591, 9.0608449 45.5126412, 9.060352 45.5125422, 9.0600649 45.5124838, 9.058533 45.5121309, 9.0503777 45.5112209, 9.0306208 45.5090384, 9.0104932 45.5068149, 9.0000101 45.5059992, 8.9916154 45.505365, 8.9820081 45.5047494, 8.9692855 45.5037233, 8.9572697 45.5028092, 8.941011 45.5011258, 8.9312426 45.5002472, 8.9265765 45.4995763, 8.9230795 45.4992172, 8.9197249 45.4988627, 8.9104005 45.4979444, 8.8881585 45.4944688, 8.8862016 45.4939928, 8.8840006 45.4934168, 8.8816031 45.4932382, 8.8796741 45.4929436, 8.8772332 45.4925707, 8.872444 45.4917114, 8.8652648 45.4901872, 8.8624346 45.4894118, 8.8602594 45.4885014, 8.856932 45.4870817, 8.8527538 45.4853463, 8.8500825 45.4843508, 8.8490704 45.4839194, 8.8477265 45.4833885, 8.846283 45.4830069, 8.8445741 45.4824925, 8.8421024 45.4818729, 8.8388573 45.4806979, 8.833598 45.4789355, 8.8287303 45.477145, 8.8249222 45.4759526, 8.8210373 45.4747408, 8.8158694 45.4735646, 8.8119489 45.4727805, 8.8083135 45.4722815, 8.8029317 45.4715687, 8.7961599 45.4709272, 8.7850261 45.4697211, 8.7745552 45.4686465, 8.765178 45.467892, 8.7580022 45.4676184)"
5639574,,Autostrada Bolog,motorway,1,0,"LINESTRING (11.7565512 45.1050138, 11.75727 45.1058882, 11.7631998 45.1124474)"
11974763,,A4,motorway,1,0,"LINESTRING (7.927146 45.2252222, 7.9225597 45.2233229, 7.9190019 45.2218873, 7.9169491 45.2210429, 7.910124 45.2182508, 7.8966199 45.2127024, 7.886643 45.208377, 7.8770809 45.204205, 7.8718386 45.2019145, 7.8565624 45.1951064, 7.852803 45.1934854, 7.8481853 45.1913563, 7.8459966 45.1902977, 7.8325435 45.1837523, 7.8234785 45.179192, 7.8081108 45.1716657, 7.7994167 45.1673465, 7.7830665 45.1592084, 7.7718327 45.1536471, 7.763639 45.1494947, 7.7556493 45.1455462, 7.7489201 45.1422279, 7.7435813 45.1396512, 7.740226 45.1379272, 7.7371673 45.1365554, 7.7341086 45.134887, 7.7319333 45.1336557, 7.7307745 45.133293, 7.729966 45.1333649, 7.7289703 45.1339099, 7.7282529 45.1343802, 7.7276868 45.1347858)"
13055021,,A4,motorway,1,0,"LINESTRING (10.2425387 45.5038042, 10.244407 45.503395, 10.2472963 45.5027066, 10.2507439 45.5018894, 10.2553603 45.5005515, 10.2603807 45.4991507, 10.2693996 45.4965975, 10.277492 45.4942262, 10.2880818 45.4907545, 10.2908771 45.4898631, 10.2981996 45.4879778, 10.3044693 45.4864433, 10.3139612 45.4840862, 10.3165679 45.4834453, 10.3256674 45.4814255, 10.3292356 45.4806169, 10.3550256 45.474823, 10.3638746 45.4728591, 10.3767112 45.4699211, 10.3846157 45.4681781, 10.3985698 45.4658498, 10.4007077 45.4655718, 10.4051494 45.465204, 10.4236168 45.4636883, 10.4286393 45.4632506, 10.4308205 45.4630343, 10.4323593 45.4627945, 10.4385012 45.4615328, 10.4440097 45.460374, 10.4509522 45.4589169, 10.4539428 45.4582794, 10.4559349 45.4577815, 10.4643079 45.4557072, 10.4671608 45.4549822, 10.4702329 45.454319, 10.4739977 45.4538613, 10.4764402 45.4536658, 10.4803818 45.4535207, 10.483883 45.45331, 10.4925325 45.452311, 10.5013261 45.4513418, 10.5167317 45.449919, 10.5184261 45.4497598, 10.5213241 45.4494854, 10.5234815 45.4492511, 10.5262515 45.4488229, 10.5284408 45.448368, 10.5309599 45.4477505, 10.533062 45.4471278, 10.5364277 45.4461241, 10.5392934 45.4454433, 10.5437931 45.4445994, 10.548518 45.4437239, 10.555821 45.4423899, 10.5621004 45.4412039, 10.5699978 45.4397275, 10.5775539 45.4383145, 10.584726 45.4370184, 10.5901349 45.4359705, 10.5956832 45.4349678, 10.5976346 45.4346235, 10.600251 45.4342875, 10.6040521 45.434049, 10.6070092 45.4339292, 10.6122026 45.4336365, 10.6138075 45.4335909, 10.6233077 45.4331229, 10.6296656 45.4328068, 10.634807 45.4325615, 10.6404099 45.432246, 10.6477407 45.4317804, 10.6554505 45.4312692, 10.6635813 45.4307734, 10.673388 45.430159)"
13768775,,A4,motorway,1,0,"LINESTRING (12.3597989 45.5829173, 12.3655111 45.5868372, 12.3800054 45.596841, 12.3829428 45.598755, 12.3861138 45.6006236, 12.39714 45.6066809, 12.4034462 45.6101942, 12.4072869 45.6122129, 12.4116406 45.6147337, 12.415862 45.6168855, 12.4302167 45.6234735)"
15215442,,A4,motorway,1,0,"LINESTRING (12.4302167 45.6234735, 12.443606 45.6296142, 12.4481577 45.6317228, 12.4490381 45.6321832, 12.4532911 45.6345162, 12.4777616 45.6481122, 12.4800372 45.6492121, 12.5258616 45.6686716, 12.5266203 45.6689937, 12.5314889 45.6713338, 12.5362631 45.6736284, 12.5855035 45.6970707, 12.5888765 45.6984932, 12.6074216 45.7051921, 12.6087169 45.7056886, 12.611817 45.706945, 12.614283 45.7080338, 12.6160908 45.7089316, 12.6183209 45.7100843, 12.6194328 45.710679, 12.6328837 45.7184731, 12.6369237 45.7207926, 12.6397965 45.7224211, 12.6422789 45.7237179, 12.6452287 45.7250819, 12.6484488 45.7264439, 12.6523978 45.7279114, 12.6883612 45.7394043, 12.7184814 45.748992, 12.7231031 45.7504908, 12.7270118 45.7521093, 12.7296361 45.7532997, 12.7328537 45.754963, 12.7353589 45.7564128, 12.7383983 45.7583747, 12.7469877 45.763968, 12.7494265 45.7654051, 12.7704305 45.7769517)"
17062931,,Autostrada Bolog,motorway,1,0,"LINESTRING (11.3982556 44.5887218, 11.3631677 44.5350819, 11.3611673 44.5320539, 11.3606026 44.5311903, 11.3602146 44.5305487, 11.3591331 44.5289089)"
17336989,,A4,motorway,1,0,"LINESTRING (11.4424147 45.4906174, 11.4489775 45.4963033, 11.4541064 45.500867, 11.4558287 45.5020255, 11.4577577 45.5030782, 11.4617831 45.5046772, 11.4679185 45.5061402, 11.471648 45.5073047, 11.4979804 45.5166885, 11.5002595 45.5173961, 11.5022039 45.5177551, 11.5040209 45.5178721, 11.5055699 45.5178846, 11.5098877 45.5179562, 11.5197825 45.5179626, 11.5249164 45.5179391)"
19091334,,A4,motorway,1,0,"LINESTRING (12.3596103 45.5829621, 12.3593272 45.5827458)"
19853804,,A4,motorway,1,0,"LINESTRING (13.6020321 45.7784795, 13.6012873 45.7788362, 13.6006044 45.7792684, 13.5998137 45.7799312, 13.5983967 45.7818047, 13.5952413 45.7865147, 13.5942718 45.787955, 13.5932867 45.7891987, 13.5922123 45.790143, 13.5907178 45.7909696, 13.589446 45.791869, 13.5886078 45.792517, 13.5878136 45.7932681, 13.5869886 45.7942716, 13.5840736 45.798422, 13.5824224 45.8009048, 13.5816883 45.8019409, 13.5811923 45.8025064, 13.5805489 45.8030959, 13.5800382 45.8035186, 13.5794568 45.803946, 13.5790673 45.8042666, 13.5786763 45.8047104, 13.5785178 45.8049911, 13.5782656 45.8052249, 13.5780079 45.8054189, 13.5776316 45.8055786, 13.5771365 45.805772, 13.5756391 45.8068597, 13.5747838 45.8074564, 13.5738215 45.8079756, 13.5729334 45.808339, 13.5723262 45.8085493, 13.5716658 45.8087245, 13.5708388 45.8088847, 13.5691194 45.8091861, 13.5674946 45.8094287, 13.5658429 45.8097594, 13.5650705 45.8099915, 13.5643705 45.8102603, 13.5629108 45.8110069, 13.559429 45.8140079, 13.5587411 45.8145234, 13.558195 45.8148423, 13.5576052 45.8151346, 13.556977 45.8153825, 13.5561936 45.8155961, 13.5538144 45.8159041, 13.5496203 45.8156595, 13.5473427 45.8157731, 13.5444919 45.8162374, 13.5420378 45.8169732, 13.5386704 45.8180195, 13.5346335 45.8193865, 13.5306677 45.8210241, 13.5277058 45.8227969, 13.5261893 45.823929, 13.5235589 45.8262728, 13.5217233 45.8275855, 13.5182412 45.8295324, 13.5161053 45.8314125, 13.5152365 45.832674, 13.5131982 45.8362904, 13.5106293 45.8391462, 13.5075626 45.8409948, 13.5048671 45.8419706, 13.501344 45.8427868, 13.4986547 45.8432794, 13.4964671 45.8433105, 13.4943231 45.8431986, 13.4921045 45.8428293)"
19853902,,A4,motorway,1,0,"LINESTRING (13.7425324 45.7093138, 13.7336694 45.715568, 13.7289392 45.7187658, 13.7270556 45.7199763, 13.6917118 45.7426609, 13.6838466 45.7472612, 13.6796147 45.7497301, 13.6776686 45.7511684, 13.6760237 45.7528202, 13.6732831 45.7564781, 13.6726105 45.7574133, 13.6722592 45.7578676, 13.6718955 45.7583153, 13.671426 45.7587886, 13.6709099 45.7592057, 13.6704748 45.7595013, 13.6699806 45.7597899, 13.6694986 45.7600283, 13.6692627 45.7601363, 13.6690101 45.7602346, 13.6686503 45.7603722, 13.6682915 45.7604926, 13.6675787 45.7607335, 13.6661333 45.7612195, 13.6624534 45.7624448, 13.6606055 45.7630649, 13.658758 45.7636456, 13.6548608 45.7648491, 13.65291 45.7654422, 13.652214 45.765653, 13.6516062 45.765849, 13.6510149 45.7660593, 13.6503803 45.7663275, 13.6497417 45.7666434, 13.6494493 45.7667943, 13.6491603 45.766947, 13.6484477 45.7674088, 13.6480804 45.7676278, 13.6473507 45.7682219, 13.6466667 45.7688364, 13.6457986 45.7695922, 13.6438551 45.7713164, 13.6434308 45.7716996, 13.6430112 45.772079, 13.6425615 45.7724364, 13.6420899 45.7727684, 13.6418367 45.7729203, 13.6415777 45.7730628, 13.6410422 45.7733383, 13.6407124 45.7734844, 13.640353 45.773625, 13.6396541 45.7738741, 13.6393612 45.7739482, 13.639054 45.7740144, 13.638485 45.7741182, 13.6379117 45.7742072, 13.6373026 45.7742733, 13.6369138 45.7743156, 13.6359783 45.7743879, 13.6346501 45.7744914, 13.6324243 45.7746731, 13.6301585 45.7748435, 13.6247259 45.7752241, 13.6197709 45.7755046, 13.6147796 45.7758264, 13.6134626 45.7759885, 13.6132126 45.7760193, 13.6093904 45.7768084, 13.6063406 45.777445, 13.6034181 45.7780335, 13.6020321 45.7784795)"
19854018,,A4,motorway,1,0,"LINESTRING (13.2908536 45.8961054, 13.2926171 45.8957717, 13.298927 45.8944062, 13.302615 45.8936179, 13.3048055 45.8931425)"
22732781,,A4,motorway,1,0,"LINESTRING (9.2686459 45.5560109, 9.2729103 45.5566454, 9.2748426 45.5569145, 9.2823769 45.5580516, 9.2918636 45.5594707, 9.2982464 45.5603909, 9.3028178 45.5611258, 9.3179596 45.5633696, 9.3394733 45.5665563, 9.3445563 45.5673284, 9.350423 45.5681172, 9.3555104 45.5688607, 9.3596676 45.5694337, 9.3606948 45.5695678, 9.364318 45.5701604, 9.3644734 45.570183, 9.3674728 45.5706251, 9.3750379 45.5718075, 9.3896389 45.5739757, 9.3925409 45.5744908, 9.404978 45.5768425, 9.4887283 45.5928992, 9.4973716 45.5945882, 9.4990285 45.5949982, 9.5008155 45.5955285, 9.5054578 45.5970823, 9.5253932 45.603685)"
22732784,,A4,motorway,1,0,"LINESTRING (9.1712196 45.5398174, 9.1741645 45.5408395, 9.1759303 45.5413661, 9.1769042 45.541657, 9.1777179 45.541881, 9.1824911 45.5431941, 9.1960651 45.5467049, 9.198544 45.547361, 9.2008769 45.5478525, 9.2020304 45.5480282)"
22732785,,A4,motorway,1,0,"LINESTRING (9.1711096 45.5400406, 9.1683734 45.5389934, 9.1645723 45.5370857)"
22902283,,A4,motorway,1,0,"LINESTRING (13.7458154 45.7066244, 13.7466921 45.7060071, 13.7487823 45.7044173, 13.7497293 45.703898, 13.7510139 45.7033392, 13.7531391 45.7027697, 13.7577512 45.7016787, 13.7603516 45.7010807, 13.7630136 45.7005716, 13.7660146 45.7001844, 13.7684243 45.7000736, 13.7704469 45.7000544, 13.772726 45.7001036, 13.7756329 45.7003783, 13.7783462 45.7008204, 13.785451 45.7022018, 13.7880601 45.7026063, 13.7901019 45.7027975, 13.7918202 45.7028557, 13.7937057 45.7027832, 13.795229 45.7026062, 13.7965514 45.7023482, 13.7979013 45.701939, 13.7990922 45.7015074, 13.800436 45.7009144, 13.8019157 45.7000911, 13.8033348 45.6991909, 13.8047112 45.697952, 13.8053486 45.6971578, 13.805776 45.6965067)"
22902284,,A4,motorway,1,0,"LINESTRING (13.7423851 45.7091798, 13.7458154 45.7066244)"
23351914,,Autostrada Bolog,motorway,1,0,"LINESTRING (11.7185922 45.0521755, 11.7321415 45.0695744, 11.7350227 45.0732338, 11.7383993 45.0775224, 11.7404472 45.0801873, 11.7413006 45.0813431, 11.7426498 45.0829485, 11.7452001 45.0862651, 11.7463607 45.0878792, 11.7474708 45.0896949, 11.7486226 45.091651)"
23650925,,A4,motorway,1,0,"LINESTRING (11.8957075 45.438378, 11.8899648 45.4403631, 11.8865819 45.441181, 11.8844637 45.4415879)"
23650937,,A4,motorway,1,0,"LINESTRING (11.8844637 45.4415879, 11.8720552 45.4439649)"
23650965,,A4,motorway,1,0,"LINESTRING (11.8843607 45.4414373, 11.8865167 45.4410161, 11.8898756 45.4401778, 11.8955873 45.4382154)"
23650968,,A4,motorway,1,0,"LINESTRING (11.8955873 45.4382154, 11.9026786 45.4357812, 11.9190325 45.4292534, 11.9253167 45.4258876)"
23752173,,A13,motorway,1,0,"LINESTRING (11.3594278 44.5291371, 11.3599943 44.5300208, 11.3604481 44.530713, 11.3607224 44.5311248, 11.3631033 44.5347091, 11.3984548 44.5887046, 11.3991415 44.5897132, 11.40118 44.5928191, 11.4083361 44.6035694, 11.4174663 44.618622, 11.4194512 44.6214544, 11.4229917 44.6254455, 11.4308666 44.634388)"
23770010,,A4,motorway,1,0,"LINESTRING (9.5253932 45.603685, 9.5275077 45.6044201)"
23770012,,A4,motorway,1,0,"LINESTRING (9.5592051 45.615282, 9.551957 45.6129651, 9.5457155 45.6108567, 9.5437152 45.6101758, 9.5419303 45.6095718, 9.5297102 45.60544)"
23770063,,A4,motorway,1,0,"LINESTRING (9.5298611 45.6052102, 9.5400678 45.6087012, 9.5437707 45.6099764, 9.5442049 45.6101302, 9.5520409 45.6127476, 9.5592317 45.6150727)"
23770067,,A4,motorway,1,0,"LINESTRING (9.525232 45.6039039, 9.5053853 45.5972833, 9.5007237 45.5957312, 9.4989913 45.5952352, 9.4972954 45.5948339, 9.4887311 45.5931908, 9.404941 45.5770439, 9.3924937 45.5746548, 9.3896128 45.5741385, 9.3750294 45.5719825, 9.3674257 45.5708207, 9.3644219 45.5703884, 9.3633426 45.5702342, 9.3576049 45.5694053, 9.3554576 45.5691, 9.3503575 45.5683553, 9.3445173 45.5675, 9.3393846 45.566748, 9.3179044 45.5635818, 9.3027443 45.5613658, 9.29819 45.5606331, 9.2918039 45.5596832, 9.282311 45.5582587, 9.2747768 45.5571286, 9.272858 45.5568576, 9.2710349 45.5565727, 9.2685782 45.5562167)"
24048474,,Autostrada Bolog,motorway,1,0,"LINESTRING (11.7174721 45.0507622, 11.7185922 45.0521755)"
24420846,Brenner Autobahn,A13,motorway,1,0,"LINESTRING (11.5075258 47.0112146, 11.5079389 47.0104593, 11.5082107 47.0095125, 11.5083889 47.0085924, 11.5085194 47.0077355, 11.5086198 47.0067661, 11.5086996 47.0060042, 11.5086433 47.0056343, 11.50824 47.00513, 11.507863 47.004524, 11.50761 47.00407, 11.5073933 47.0036885, 11.5071217 47.002968)"
24420847,Brenner Autobahn,A13,motorway,1,0,"LINESTRING (11.5078574 47.0111826, 11.5070844 47.0122084, 11.5067232 47.012743, 11.5065498 47.0132559, 11.5064632 47.0138411, 11.5065282 47.0146069, 11.5069111 47.0154738, 11.5071738 47.0160381)"
24525948,,Autostrada Bolog,motorway,0,0,"LINESTRING (11.4307379 44.6345114, 11.4192497 44.6215345, 11.4178375 44.6195468, 11.4080972 44.6035728, 11.400871 44.5927016, 11.3999203 44.5912494, 11.3982556 44.5887218)"
24525949,,A13,motorway,1,0,"LINESTRING (11.4308666 44.634388, 11.434096 44.6379983)"
24525950,,Autostrada Bolog,motorway,0,0,"LINESTRING (11.4339289 44.6380471, 11.4307379 44.6345114)"
24525951,,Autostrada Bolog,motorway,1,0,"LINESTRING (11.434096 44.6379983, 11.439249 44.6437034, 11.4439454 44.6484394, 11.4482795 44.6529436, 11.4533114 44.6581363, 11.458837 44.6636909, 11.4639115 44.6690261, 11.469072 44.6743905, 11.4722907 44.678387, 11.4751875 44.6819329, 11.4773547 44.6846526, 11.4786851 44.6863155, 11.4807021 44.6888369, 11.4861717 44.6956177, 11.5090262 44.7239684, 11.5154742 44.7319078)"
24573896,,A4,motorway,1,0,"LINESTRING (12.3482059 45.5760215, 12.3461526 45.5748796)"
24972441,,A4,motorway,1,0,"LINESTRING (13.4922051 45.8426095, 13.4943874 45.8429826, 13.4965091 45.8430888, 13.4986222 45.8430582, 13.5012445 45.8425757, 13.5048306 45.8417214, 13.5074896 45.8407931, 13.5104638 45.8389301, 13.51301 45.836149, 13.5150195 45.8325186, 13.5158752 45.8313116, 13.5181548 45.8293047, 13.5216138 45.82735, 13.5234305 45.8261238, 13.526021 45.8237274, 13.5275945 45.8225698, 13.5305946 45.8207898, 13.5345555 45.8191905, 13.5386447 45.8178582, 13.5419529 45.8167638, 13.5444556 45.8160223, 13.5472737 45.8155533, 13.549629 45.8154849, 13.5537441 45.8157407, 13.5561702 45.8154243, 13.5569023 45.8152082, 13.5575585 45.8149401, 13.5580884 45.8146751, 13.5586257 45.8143895, 13.5592938 45.8138816, 13.5627891 45.8109115, 13.564242 45.8101319, 13.5649863 45.8098564, 13.5658731 45.809575, 13.5674653 45.809227, 13.5690696 45.8089866, 13.5708502 45.8086766, 13.5716052 45.8085272, 13.572212 45.8083794, 13.5729524 45.8081507, 13.5738825 45.807754, 13.5746509 45.8073586, 13.5755441 45.806758, 13.5769278 45.8056431, 13.577911 45.8048389, 13.5780553 45.8047317, 13.5792806 45.8038215, 13.5798723 45.8034112, 13.5804118 45.8029842, 13.5810033 45.8024352, 13.5815567 45.8018296, 13.5822833 45.8008477, 13.5839001 45.798303, 13.5867938 45.7941308, 13.5875695 45.7931282, 13.588412 45.7923509, 13.5893186 45.7916607, 13.5906418 45.7907871, 13.5921046 45.7899507, 13.5930965 45.789065, 13.5940996 45.7878419, 13.5950195 45.786479, 13.5982961 45.7817149, 13.5996886 45.7798086, 13.6005074 45.7791317, 13.6011654 45.7786717, 13.6019544 45.7782886, 13.6033299 45.7778358, 13.6065845 45.777203, 13.6102379 45.7764724, 13.6127978 45.7759475, 13.6137963 45.7757875, 13.6147787 45.7756535, 13.6200888 45.7753737, 13.6253429 45.7750185, 13.630159 45.7747104, 13.6324194 45.7745604, 13.6346668 45.7743812, 13.6355707 45.7743036, 13.6364782 45.7742253, 13.6369319 45.7742012, 13.6373937 45.774155, 13.6379036 45.7740968, 13.638308 45.774043, 13.6386605 45.7739904, 13.6390279 45.7739181, 13.6393371 45.7738518, 13.6396377 45.7737694, 13.6403349 45.7735446, 13.6406742 45.7734141, 13.6409963 45.7732663, 13.6415516 45.7729965, 13.6420535 45.772695, 13.6425314 45.7723601, 13.6429771 45.7720048, 13.6433987 45.7716293, 13.6439834 45.7710819, 13.6447959 45.7703601, 13.6456406 45.7695233, 13.646545 45.7686751, 13.6479331 45.767517, 13.6493002 45.7667395, 13.6497734 45.7664663, 13.6505621 45.7660892, 13.6513867 45.7657482, 13.6520914 45.7654863, 13.6527973 45.7652559, 13.6547775 45.7646579, 13.6567573 45.7640763, 13.6587263 45.7634809, 13.6595429 45.7632256, 13.6605844 45.7628993, 13.6624289 45.7622954, 13.6633475 45.7619934, 13.6642485 45.7616847, 13.6652097 45.7613509, 13.6660967 45.7610514, 13.667772 45.760475, 13.6686177 45.760194, 13.6690268 45.7600384, 13.669421 45.7598754, 13.6697596 45.7597171, 13.6700883 45.759559, 13.6704171 45.7593859, 13.670751 45.7591682, 13.6713657 45.7587058, 13.6718594 45.758207, 13.672224 45.7577722, 13.6725603 45.7573154, 13.6732134 45.7563712, 13.6759162 45.7526944, 13.677547 45.7510636, 13.6795382 45.7495982, 13.6837934 45.7471402, 13.6916244 45.7425201, 13.7269752 45.7198331, 13.728806 45.718638, 13.733517 45.7154661, 13.7423851 45.7091798)"
24972445,,A4,motorway,1,0,"LINESTRING (13.4921045 45.8428293, 13.4906145 45.8425812)"
24972465,,A4,motorway,1,0,"LINESTRING (13.4907636 45.8423631, 13.4922051 45.8426095)"
24972471,,A4,motorway,1,0,"LINESTRING (13.4906145 45.8425812, 13.4889475 45.8423037, 13.4867351 45.8422602, 13.4858824 45.8423629, 13.4846718 45.8425088, 13.4828982 45.8429228, 13.4642067 45.850616, 13.4624886 45.8512887, 13.4595991 45.8521444, 13.4548112 45.8528711)"
25007995,,A4,motorway,1,0,"LINESTRING (11.9607668 45.4227745, 11.9637602 45.4233631)"
25007996,,A4,motorway,1,0,"LINESTRING (11.9637602 45.4233631, 12.0054812 45.4319407)"
25007998,,A4,motorway,1,0,"LINESTRING (11.9632367 45.423604, 11.960364 45.422963)"
25007999,,A4,motorway,1,0,"LINESTRING (11.960364 45.422963, 11.9599887 45.4228642, 11.9576504 45.4223491, 11.9487294 45.4205258)"
25159848,,A4,motorway,1,0,"LINESTRING (13.4510175 45.8532896, 13.4547254 45.8527097)"
25159850,,A4,motorway,1,0,"LINESTRING (13.4547254 45.8527097, 13.4593814 45.8519144, 13.462316 45.8511123, 13.4641232 45.850456, 13.4825754 45.8428587, 13.4832753 45.8426693, 13.4845877 45.8423017, 13.4867324 45.8420351, 13.4881199 45.8420473, 13.4889594 45.8420547, 13.4907636 45.8423631)"
25206655,,A4,motorway,1,0,"LINESTRING (12.722855 45.7505636, 12.7182423 45.7490738, 12.6894593 45.73992, 12.6523022 45.72805, 12.6482331 45.7265306, 12.6446509 45.7249929, 12.6418384 45.7236533, 12.6391585 45.7222408, 12.6369159 45.7209629, 12.6329301 45.7186809, 12.6192725 45.7107374, 12.6183296 45.7102374, 12.6156229 45.7088612, 12.6141842 45.7081475, 12.613343 45.707797, 12.6086668 45.7058336, 12.6071299 45.7052254, 12.5904278 45.699219, 12.5869911 45.6978704, 12.5833918 45.696288, 12.5362339 45.6737646, 12.529731 45.6707071, 12.5264026 45.669036, 12.5255347 45.6686676, 12.4797994 45.6492478, 12.4776298 45.6482503, 12.4531442 45.6346101, 12.4483021 45.6319682, 12.4435572 45.6297462, 12.4301131 45.6235956, 12.4157677 45.6170042, 12.4110972 45.6145941, 12.4071201 45.6129187, 12.405007 45.611763, 12.4044914 45.6113847, 12.4036059 45.6106719, 12.4017415 45.6094417, 12.3969751 45.6068169, 12.386043 45.6007952, 12.3825621 45.5987459, 12.3799085 45.596963, 12.365314 45.586873, 12.3596103 45.5829621)"
25223191,,A4,motorway,1,0,"LINESTRING (12.7704305 45.7769517, 12.7725115 45.7781103, 12.7749943 45.7793571, 12.7785101 45.7810119, 12.7821792 45.7825195, 12.7858987 45.783879, 12.7896341 45.785025, 12.794113 45.786227, 12.7986958 45.7871973, 12.8031219 45.7879757, 12.8068367 45.7884777, 12.8108427 45.7889701, 12.8129142 45.7892732, 12.8150861 45.7896103, 12.8176431 45.790094, 12.819345 45.7904712, 12.8213477 45.7909354, 12.8228846 45.7913465, 12.825654 45.7921546, 12.8274369 45.7927515, 12.8315172 45.7940552, 12.8337126 45.7947567, 12.8361965 45.7954983, 12.8388854 45.7962312, 12.8426908 45.7970632, 12.8785011 45.8036757, 12.8814867 45.8041745, 12.8847982 45.804583, 12.8873077 45.8047965, 12.8900902 45.8049589, 12.8921333 45.805036, 12.8952299 45.8050622, 12.8983302 45.8049538, 12.9029492 45.8048005, 12.9071749 45.8048084, 12.9099394 45.8049303, 12.9129198 45.8051185, 12.9224564 45.8058807, 12.9616523 45.8089582, 12.9644908 45.8092168, 12.9668757 45.8095182, 12.9687766 45.8097855, 12.9711275 45.8101932, 12.9948941 45.8144904, 12.9987398 45.815159, 13.0052459 45.8163269, 13.0087274 45.8167525, 13.0147631 45.8172663, 13.0193925 45.8176587, 13.0298232 45.8185446, 13.0319508 45.8188462, 13.0338575 45.8192489, 13.0354561 45.819654, 13.045993 45.8227068, 13.0484915 45.8232986, 13.0528563 45.8241733, 13.0876538 45.829194, 13.102828 45.8313892, 13.1060827 45.8318987, 13.1086586 45.8323983, 13.112408 45.83327, 13.114556 45.8338452, 13.1167384 45.8345034, 13.1192355 45.8353172, 13.1531147 45.8464328, 13.1754067 45.8536944, 13.1818504 45.8556916, 13.213928 45.8653011, 13.2146009 45.8655027, 13.2506381 45.8786967, 13.2543003 45.8800657, 13.2564049 45.8808477, 13.2581522 45.8815098, 13.2604355 45.8824934, 13.2609569 45.8827155, 13.2652992 45.8848978, 13.2700387 45.8874345, 13.2743565 45.8897894, 13.2774543 45.8914419, 13.2789957 45.8923351, 13.2810673 45.8934601)"
25540360,,A4,motorway,1,0,"LINESTRING (9.5599381 45.6152892, 9.5780966 45.6215452, 9.5800198 45.6221912, 9.5824687 45.6230747, 9.5845587 45.6239811, 9.5883747 45.6260122, 9.5973319 45.6310073, 9.6005955 45.6328474, 9.6098219 45.637978)"
25886016,,A4,motorway,1,0,"LINESTRING (9.8617277 45.6317352, 9.8614834 45.6317946)"
25886017,,A4,motorway,1,0,"LINESTRING (9.8614834 45.6317946, 9.8580046 45.6325437, 9.8561337 45.6329499, 9.8371882 45.6370962, 9.8179062 45.6413699, 9.7768063 45.6503545, 9.7703176 45.6517351, 9.7677215 45.6522288, 9.752608 45.6547759, 9.7481231 45.6555328, 9.7076083 45.6631467, 9.690474 45.6663452, 9.6876372 45.6668596, 9.6762216 45.6689716, 9.6723517 45.6696557, 9.671737 45.6697703, 9.6701282 45.6699972, 9.6692918 45.6700286, 9.6684044 45.669954, 9.6676772 45.6698397, 9.666826 45.6696111, 9.6658606 45.6692242)"
25886018,,A4,motorway,1,0,"LINESTRING (9.8614033 45.63169, 9.8616746 45.6316096)"
25886019,,A4,motorway,1,0,"LINESTRING (9.8616746 45.6316096, 9.8914117 45.6250619, 9.8943871 45.6243261, 9.8969289 45.6237708, 9.9003583 45.6230409)"
26085415,Brenner Autobahn,A13,motorway,1,0,"LINESTRING (11.5072275 47.0162597, 11.5072663 47.016567, 11.5072178 47.0170008, 11.5071074 47.0173833, 11.5066886 47.0180277, 11.5062509 47.01849, 11.505242 47.0192135)"
26085417,Brenner Autobahn,A13,motorway,1,0,"LINESTRING (11.5071738 47.0160381, 11.5072275 47.0162597)"
26085430,Brenner Autobahn,A13,motorway,1,0,"LINESTRING (11.5068552 47.0162647, 11.5067773 47.0160706)"
26085460,Brenner Autobahn,A13,motorway,1,0,"LINESTRING (11.5067773 47.0160706, 11.5065863 47.0155519, 11.5062022 47.0146752, 11.5060996 47.0138988, 11.5062094 47.0132202, 11.5064093 47.012685, 11.5068081 47.01211, 11.5075258 47.0112146)"
26200498,,A4,motorway,1,0,"LINESTRING (10.6733847 45.4302618, 10.6636093 45.4309059, 10.6554207 45.4314463, 10.647781 45.4319205, 10.6403628 45.4324135, 10.6347649 45.4327063, 10.629677 45.4329409, 10.6233828 45.4332553, 10.6138017 45.4337291, 10.6099484 45.4339239, 10.6040715 45.4342155, 10.6002251 45.4344359, 10.5976649 45.4347717, 10.5957544 45.4350876, 10.5901305 45.4361314, 10.5847827 45.4371509, 10.5775894 45.4384878, 10.5700202 45.4398854, 10.5620999 45.441341, 10.5558425 45.4425279, 10.5485482 45.4438889, 10.5438365 45.4447209, 10.5393196 45.4455886, 10.5364252 45.446228, 10.5330801 45.4472382, 10.5321459 45.4475247, 10.5312104 45.4477865, 10.5285438 45.4485084, 10.5264801 45.4489164, 10.5262578 45.4489533, 10.5234727 45.449395, 10.5213329 45.4496125, 10.5177133 45.4500136, 10.5167396 45.4500602, 10.501331 45.4515202, 10.4925835 45.4524423, 10.4837019 45.4535089, 10.4804747 45.4536895, 10.4764921 45.45384, 10.4741232 45.4540207, 10.470175 45.4545144, 10.4672224 45.4551526, 10.4538071 45.458488, 10.4512321 45.4590479, 10.4322893 45.462991, 10.4307186 45.4632171, 10.4286844 45.4634071, 10.4236072 45.4638352, 10.4154407 45.464496, 10.4051654 45.4653469, 10.4006807 45.4657053, 10.3985559 45.4659862, 10.3846113 45.4683184, 10.3767569 45.470064, 10.3639137 45.4729899, 10.355113 45.4749697, 10.3521835 45.4756194, 10.3357298 45.4793147, 10.3292708 45.4807984, 10.3227885 45.4822765, 10.3155027 45.4839239, 10.3107124 45.4851021, 10.3052986 45.4864573, 10.300733 45.4875779, 10.2996545 45.4878408, 10.2944216 45.4891361, 10.290002 45.4903169, 10.2844478 45.492132, 10.2780311 45.4942235, 10.2719473 45.4960725, 10.2639934 45.4983169, 10.2584139 45.4998909, 10.2496665 45.5023384, 10.2427381 45.5039681, 10.2377348 45.5051067)"
26200730,,A4,motorway,1,0,"LINESTRING (13.805776 45.6965067, 13.8061749 45.6953784, 13.806546 45.6943017, 13.8069435 45.6934289, 13.8077468 45.6925583, 13.8082814 45.6916541, 13.8092246 45.6895761, 13.8097813 45.688661, 13.8111363 45.6865782, 13.8119929 45.6855461, 13.8135854 45.6837105, 13.8141004 45.6830749, 13.8144437 45.6826252, 13.8152076 45.6816178, 13.8161174 45.6801846, 13.8194069 45.6742847, 13.8198409 45.6734741, 13.8206133 45.672433, 13.8228583 45.6698859, 13.8264274 45.6655474, 13.8292997 45.6621077, 13.833352 45.6571019, 13.8347339 45.6554461)"
26200735,,A4,motorway,1,0,"LINESTRING (13.807127 45.694369, 13.8066387 45.6953751, 13.806199 45.6961541, 13.8054579 45.6973423, 13.8048381 45.6980661, 13.8033809 45.6993147, 13.8019911 45.7002059, 13.8005868 45.7010268, 13.7992793 45.7017088, 13.7979575 45.702211, 13.7965908 45.7025106, 13.7952377 45.7027651, 13.793712 45.7029273, 13.7917584 45.7030096, 13.7900072 45.702967, 13.7886973 45.702867, 13.7869439 45.7026059, 13.7855072 45.7023904, 13.7783054 45.7009633, 13.7756491 45.7005248, 13.7729144 45.7002434, 13.7703842 45.7001795, 13.7683969 45.7002015, 13.7660227 45.7003175, 13.7630241 45.7007155, 13.7604089 45.7012021, 13.7577925 45.7018233, 13.7531627 45.7029311, 13.7510568 45.7034932, 13.7497682 45.7040399, 13.7488423 45.7045597, 13.7472512 45.7057721, 13.7459941 45.7067536)"
26237754,,A4,motorway,1,0,"LINESTRING (9.5599073 45.615505, 9.5592051 45.615282)"
26237756,,A4,motorway,1,0,"LINESTRING (9.5592317 45.6150727, 9.5599381 45.6152892)"
26237778,,A4,motorway,1,0,"LINESTRING (9.5275077 45.6044201, 9.5298611 45.6052102)"
26237780,,A4,motorway,1,0,"LINESTRING (9.5297102 45.60544, 9.5273455 45.60464)"
26237781,,A4,motorway,1,0,"LINESTRING (9.5273455 45.60464, 9.525232 45.6039039)"
26698761,,A4,motorway,1,0,"LINESTRING (13.3103336 45.8919275, 13.3156578 45.8907586, 13.3349136 45.8859614, 13.3690487 45.8775236, 13.3995669 45.8698545, 13.4019933 45.8690132, 13.4116175 45.8650308)"
26698762,,A4,motorway,1,0,"LINESTRING (13.3080787 45.8924337, 13.3103336 45.8919275)"
26698763,,A4,motorway,1,0,"LINESTRING (13.3066421 45.8927375, 13.3077106 45.8925115, 13.3080787 45.8924337)"
26698764,,A4,motorway,1,0,"LINESTRING (13.3048055 45.8931425, 13.3066421 45.8927375)"
26698765,,A4,motorway,1,0,"LINESTRING (13.3047691 45.8933323, 13.3046432 45.89336, 13.3029527 45.8937327, 13.3026431 45.8937973, 13.2926404 45.8959579, 13.2909542 45.8963965)"
26698766,,A4,motorway,1,0,"LINESTRING (13.3066785 45.8929273, 13.3047691 45.8933323)"
26698767,,A4,motorway,1,0,"LINESTRING (13.3080969 45.8926109, 13.3066785 45.8929273)"
26698768,,A4,motorway,1,0,"LINESTRING (13.3102982 45.892149, 13.3080969 45.8926109)"
26836544,,A4,motorway,1,0,"LINESTRING (11.8720552 45.4439649, 11.8703891 45.4442946)"
26836545,,A4,motorway,1,0,"LINESTRING (11.8720445 45.4437926, 11.8843607 45.4414373)"
26836546,,A4,motorway,1,0,"LINESTRING (11.8703678 45.4441148, 11.8720445 45.4437926)"
26836547,,A4,motorway,1,0,"LINESTRING (11.8703891 45.4442946, 11.8688125 45.4445725, 11.8648619 45.4453259, 11.8644775 45.4453988, 11.8628734 45.4457024)"
27031119,,Autostrada Bolog,motorway,1,0,"LINESTRING (11.8446993 45.3390848, 11.8434226 45.3388863, 11.8429076 45.3386825, 11.8423819 45.3383338)"
27759500,,Autostrada Bolog,motorway,1,0,"LINESTRING (11.7746464 45.2407993, 11.7746464 45.2416757, 11.7747044 45.2490806, 11.7747366 45.2510225, 11.774876 45.2521651, 11.7752901 45.2536707, 11.7756474 45.2545518, 11.7766731 45.2566149, 11.7811739 45.2651899, 11.783431 45.2695656, 11.7843465 45.2712288, 11.7856082 45.2730789, 11.7868387 45.2745562, 11.7919714 45.2800881)"
27810293,,A4,motorway,1,0,"LINESTRING (13.807127 45.694369, 13.8088543 45.6909451, 13.8094278 45.6896665, 13.809964 45.6887382, 13.810836 45.6873986, 13.8112158 45.686868, 13.8116086 45.6863283, 13.8120538 45.6858069, 13.8124729 45.6852946, 13.8129705 45.6847732, 13.8138086 45.6837705, 13.8146669 45.6826732, 13.8152227 45.6819921, 13.8162633 45.6803705, 13.8165976 45.6797507, 13.8169381 45.6791195, 13.8175274 45.6779127, 13.820016 45.6735694, 13.8203837 45.6730315, 13.8211472 45.6720639, 13.8220844 45.6710099, 13.8234419 45.6694441, 13.8243899 45.6682697, 13.8256827 45.6666962, 13.8271801 45.6648968, 13.8294193 45.6622145, 13.8347277 45.6559671, 13.8351116 45.6555661)"
27893358,,A4,motorway,1,0,"LINESTRING (9.1605913 45.5351974, 9.1350841 45.5228584, 9.1304682 45.5206473)"
27893361,,A4,motorway,1,0,"LINESTRING (9.1135932 45.5152167, 9.1197919 45.5155237, 9.1215257 45.5157703, 9.1223003 45.5160099, 9.1230621 45.5163246, 9.1237976 45.5167807, 9.1255642 45.5178634, 9.1259448 45.5180927, 9.1267332 45.5185596, 9.1277426 45.519144, 9.1305622 45.5205251, 9.1351319 45.5227486, 9.1606502 45.5350916)"
27915276,,A4,motorway,1,0,"LINESTRING (11.8621619 45.445837, 11.8496961 45.447873, 11.8312849 45.4507513, 11.8301741 45.4509045, 11.8280838 45.451198)"
27915278,,A4,motorway,1,0,"LINESTRING (11.8628734 45.4457024, 11.8621619 45.445837)"
28252925,,A4,motorway,1,0,"LINESTRING (9.1606502 45.5350916, 9.1610307 45.5352688)"
28252926,,A4,motorway,1,0,"LINESTRING (9.1610307 45.5352688, 9.1622799 45.5358707)"
28252927,,A4,motorway,1,0,"LINESTRING (9.1609891 45.5353833, 9.1605913 45.5351974)"
28386797,,A4,motorway,1,0,"LINESTRING (13.4511205 45.853451, 13.4506331 45.8535227, 13.4362037 45.8556446, 13.4333425 45.8563642, 13.43173 45.8569477, 13.4296777 45.8578033, 13.424375 45.860014, 13.4237051 45.8602933, 13.4181533 45.8626282)"
28386798,,A4,motorway,1,0,"LINESTRING (13.4548112 45.8528711, 13.4511205 45.853451)"
28388533,,A4,motorway,1,0,"LINESTRING (13.4181533 45.8626282, 13.4117603 45.8653075)"
28388534,,A4,motorway,1,0,"LINESTRING (13.4117603 45.8653075, 13.4021624 45.8692059, 13.399579 45.8700967, 13.3691161 45.8776476, 13.3349672 45.8861542, 13.3157434 45.8909344, 13.3102982 45.892149)"
28388535,,A4,motorway,1,0,"LINESTRING (13.4180292 45.8623269, 13.4235957 45.8600916, 13.4269009 45.8587247, 13.4316066 45.8567786, 13.4332704 45.8561799, 13.4361465 45.8554398, 13.4510175 45.8532896)"
28388540,,A4,motorway,1,0,"LINESTRING (13.4116175 45.8650308, 13.4180292 45.8623269)"
28471913,,A4,motorway,1,0,"LINESTRING (11.8282501 45.4509264, 11.8301397 45.4506637)"
28471914,,A4,motorway,1,0,"LINESTRING (11.8280838 45.451198, 11.8275951 45.4512662)"
28471926,,A4,motorway,1,0,"LINESTRING (11.8276736 45.4510058, 11.8282501 45.4509264)"
28471994,,A4,motorway,1,0,"LINESTRING (11.8311935 45.450521, 11.8621788 45.4456497)"
28471998,,A4,motorway,1,0,"LINESTRING (11.8302099 45.4509095, 11.8280838 45.451198)"
28472009,,A4,motorway,1,0,"LINESTRING (11.8301397 45.4506637, 11.8311935 45.450521)"
28472012,,A4,motorway,1,0,"LINESTRING (11.8312849 45.4507513, 11.8302099 45.4509095)"
28535845,,A4,motorway,1,0,"LINESTRING (13.8392698 45.6337974, 13.8410253 45.6344085, 13.8427279 45.6351782, 13.8438487 45.6362324, 13.8445117 45.6371461, 13.8449045 45.6380688, 13.844957 45.6389104, 13.8450761 45.6405413, 13.8450504 45.6413034, 13.8448054 45.6420506, 13.8351116 45.6555661)"
28535847,,A4,motorway,1,0,"LINESTRING (13.8347339 45.6554461, 13.8441152 45.64176, 13.8443637 45.6410633, 13.8443895 45.6403492, 13.8442869 45.6388495, 13.8441491 45.6379128, 13.8437719 45.6371392, 13.8431878 45.6362684, 13.8420124 45.6352787, 13.8402099 45.6343485, 13.8390134 45.6339251)"
28548623,,A4,motorway,1,0,"LINESTRING (11.533385 45.5168151, 11.545447 45.5159717, 11.5560521 45.5156531, 11.5608951 45.5156133, 11.5642428 45.5157608, 11.5742785 45.5166228, 11.5779766 45.5169028, 11.5807535 45.5170431, 11.5831072 45.5167566, 11.5850027 45.5163263, 11.5978139 45.51259, 11.6067788 45.5099729, 11.6123569 45.5083444, 11.6243374 45.5048465, 11.6258014 45.5044308, 11.6371832 45.5010973, 11.6606904 45.4928446, 11.6793251 45.4877081, 11.6916656 45.4831501, 11.704619 45.4789392, 11.7052155 45.4787419, 11.7083359 45.4777304, 11.7355167 45.4689214, 11.7383557 45.4683568, 11.751623 45.4662298, 11.7628604 45.4644439, 11.7655384 45.4638347, 11.7903157 45.4563186, 11.7930493 45.4556793, 11.8099403 45.4534485, 11.8276736 45.4510058)"
28548624,,A4,motorway,1,0,"LINESTRING (11.5249164 45.5179391, 11.533385 45.5168151)"
28736391,,Autostrada Bolog,motorway,1,0,"LINESTRING (11.7720758 45.1229309, 11.7716252 45.1220834, 11.7709922 45.1213109, 11.7699944 45.1201414)"
28888644,,Autostrada Bolog,motorway,1,0,"LINESTRING (11.7563581 45.1050138, 11.7557358 45.1041448, 11.7550813 45.1031201, 11.753354 45.1000893)"
28910742,,Autostrada Bolog,motorway,1,0,"LINESTRING (11.7486226 45.091651, 11.7506396 45.095272, 11.7535042 45.1000517)"
28910743,,Autostrada Bolog,motorway,1,0,"LINESTRING (11.7484402 45.0916618, 11.7472922 45.0897037, 11.7461764 45.0878906, 11.7450392 45.0862866, 11.7426573 45.0831913, 11.7415012 45.0818114, 11.7408227 45.0809276, 11.7382693 45.0775855, 11.7348789 45.0732779, 11.7319607 45.069614, 11.7184209 45.052185)"
28910744,,Autostrada Bolog,motorway,1,0,"LINESTRING (11.7535042 45.1000517, 11.7552757 45.1031074, 11.7559718 45.1042038, 11.7565512 45.1050138)"
28910745,,Autostrada Bolog,motorway,1,0,"LINESTRING (11.753354 45.1000893, 11.7523026 45.0983995, 11.7504894 45.0953096, 11.7484402 45.0916618)"
28910817,,Autostrada Bolog,motorway,1,0,"LINESTRING (11.7684841 45.1183243, 11.7696974 45.1196571)"
28910818,,Autostrada Bolog,motorway,1,0,"LINESTRING (11.7684817 45.1184999, 11.7673229 45.11725, 11.7661642 45.115925, 11.7646837 45.1142781)"
28910846,,Autostrada Bolog,motorway,1,0,"LINESTRING (11.7184209 45.052185, 11.7173266 45.0507795)"
28910847,,Autostrada Bolog,motorway,1,0,"LINESTRING (11.7173266 45.0507795, 11.7110609 45.0428724, 11.7090546 45.0403243, 11.7041086 45.0339782, 11.7005789 45.029515, 11.698197 45.0269353, 11.6963624 45.0249847, 11.6951501 45.0236758, 11.6935837 45.0220316, 11.6914164 45.0197678, 11.6890668 45.0172305, 11.685934 45.0138884, 11.6825008 45.009672, 11.6815352 45.0084382, 11.6785847 45.0048816, 11.6753017 45.000751, 11.6704201 44.9946945, 11.6665041 44.9898558, 11.6561186 44.9771261, 11.6538762 44.9743366, 11.6514515 44.9713379, 11.6480183 44.9671161, 11.6462802 44.9647021, 11.6440272 44.9611347, 11.6362273 44.9492418, 11.6352295 44.9481421, 11.6342317 44.9472248, 11.6331267 44.9464416, 11.6315924 44.9455189, 11.6255736 44.9422466, 11.6164862 44.9372523, 11.6112398 44.9342966, 11.5954518 44.9256567, 11.5932583 44.9244207, 11.5895461 44.9223822, 11.5837479 44.9191665)"
28910990,,Autostrada Bolog,motorway,0,0,"LINESTRING (11.5742798 44.9118156, 11.5830713 44.918442, 11.5838595 44.9190296)"
28911002,,Autostrada Bolog,motorway,1,0,"LINESTRING (11.5741634 44.9118766, 11.5724766 44.9104839, 11.5716612 44.9095988, 11.5709852 44.9086117, 11.5704273 44.9074155, 11.5701806 44.906525, 11.5701055 44.9059134, 11.5700196 44.9040466, 11.5700304 44.8934411, 11.5699714 44.881854, 11.5699445 44.8679441, 11.5699124 44.86391, 11.5698354 44.8598163, 11.5695861 44.8579247, 11.5551379 44.8167574, 11.5546479 44.8139964, 11.5527569 44.7940331, 11.552478 44.7909861, 11.5520996 44.7870381, 11.5514054 44.7843586, 11.548047 44.7791254, 11.5262889 44.7457373, 11.5249049 44.7438812, 11.5188002 44.7363334)"
28911011,,Autostrada Bolog,motorway,1,0,"LINESTRING (11.5838595 44.9190296, 11.5896531 44.9223073, 11.5916701 44.9233963, 11.5955291 44.9254952, 11.6114219 44.9342431, 11.6166254 44.9371828, 11.6257342 44.9421664, 11.6317423 44.9454547, 11.6332444 44.946356, 11.6344031 44.9471714, 11.6354009 44.9480834, 11.6363987 44.9492045, 11.6441895 44.9610903, 11.646473 44.9646862, 11.6482064 44.9670984, 11.6516101 44.9712794, 11.6540582 44.9743006, 11.6563164 44.9771005, 11.6666325 44.9898185, 11.6705748 44.9946672, 11.675491 45.0007478, 11.6787346 45.0048174, 11.6816975 45.0084115, 11.6826829 45.0096454, 11.6860732 45.0138135, 11.6892259 45.0171968, 11.6915855 45.0196993, 11.6915855 45.0196993, 11.6937875 45.0220209, 11.6957294 45.0241291, 11.6964063 45.0248321, 11.6968023 45.0252556, 11.6984009 45.0269293, 11.7007612 45.0294828, 11.7042803 45.0338977, 11.7089259 45.0399273, 11.7109966 45.0424861, 11.7174721 45.0507622)"
28911012,,Autostrada Bolog,motorway,1,0,"LINESTRING (11.5837479 44.9191665, 11.5826421 44.9183723, 11.5741634 44.9118766)"
29158194,,A4,motorway,1,0,"LINESTRING (11.8275951 45.4512662, 11.793065 45.455863, 11.790533 45.456447, 11.7656029 45.4640506, 11.7627668 45.4646345, 11.7381371 45.4686254, 11.7357682 45.4690889, 11.692046 45.4832324)"
29340790,,A4,motorway,1,0,"LINESTRING (9.2020304 45.5480282, 9.2029389 45.548197, 9.205127 45.5482678, 9.2106789 45.5484706, 9.2168202 45.5486118)"
29340792,,A4,motorway,1,0,"LINESTRING (9.2019405 45.5482805, 9.2007819 45.5481204, 9.1984507 45.5476016, 9.1959384 45.546962, 9.1823783 45.5434393, 9.1777597 45.5421202, 9.1768239 45.5418466, 9.1759478 45.5416028, 9.1740522 45.5410605, 9.1711096 45.5400406)"
29340876,,A4,motorway,1,0,"LINESTRING (9.2168202 45.5486118, 9.2178005 45.5486461, 9.2201773 45.5488062, 9.2218175 45.5490616, 9.2252066 45.5495671, 9.2305376 45.5504651, 9.2343175 45.55095, 9.2374997 45.5513625, 9.2400767 45.551749, 9.2458671 45.5526283, 9.2478365 45.552864, 9.256742 45.5542356, 9.2651526 45.5555027, 9.2686459 45.5560109)"
29340877,,A4,motorway,1,0,"LINESTRING (9.2168065 45.5487659, 9.2106394 45.5486151, 9.2050354 45.5484324, 9.202922 45.5484326, 9.2019405 45.5482805)"
30070018,,Autostrada Bolog,motorway,1,0,"LINESTRING (11.9523402 45.3774546, 11.9530334 45.3791328)"
30070023,,Autostrada Bolog,motorway,1,0,"LINESTRING (11.9530334 45.3791328, 11.9549633 45.383804, 11.9552097 45.3844005, 11.9557137 45.3856205, 11.9557564 45.3857238, 11.9565157 45.3875615, 11.9568949 45.3884792, 11.9573931 45.3896849, 11.9579934 45.3911377, 11.9606745 45.3976258)"
30070089,,Autostrada Bolog,motorway,1,0,"LINESTRING (11.9568085 45.4178834, 11.9564152 45.4188458, 11.9561859 45.4197829)"
30070094,,Autostrada Bolog,motorway,1,0,"LINESTRING (11.9606745 45.3976258, 11.963477 45.4044071, 11.9636352 45.4061611, 11.9633574 45.4078158, 11.9624523 45.4102846, 11.9610838 45.4129439, 11.9605918 45.4136229, 11.9576069 45.4166489, 11.9568085 45.4178834)"
30070861,,A4,motorway,1,0,"LINESTRING (11.9454415 45.4195815, 11.9488929 45.420296)"
30070870,,A4,motorway,1,0,"LINESTRING (11.9487294 45.4205258, 11.9452899 45.4198215)"
30070871,,A4,motorway,1,0,"LINESTRING (11.9488929 45.420296, 11.9502038 45.4205673, 11.9515319 45.4208547, 11.9572348 45.4220888, 11.9583563 45.4222944)"
30070872,,A4,motorway,1,0,"LINESTRING (11.9452899 45.4198215, 11.9442787 45.4196144, 11.9421748 45.4192998, 11.9403889 45.4192493, 11.939565 45.4193276, 11.9388697 45.4194481, 11.9382603 45.4195927, 11.9374106 45.4198096, 11.9364922 45.4201469, 11.9353163 45.4206831, 11.9340547 45.4214241, 11.9304922 45.4233556)"
30284221,,Autostrada Bolog,motorway,1,0,"LINESTRING (11.9560797 45.4198008, 11.9563286 45.4188128, 11.9566977 45.4178548)"
30284567,,Autostrada Bolog,motorway,1,0,"LINESTRING (11.9605686 45.3976443, 11.9573071 45.3897184, 11.9564402 45.3876388, 11.9563386 45.3873914, 11.955393 45.3850889, 11.9549322 45.3839852, 11.9545347 45.3830333, 11.9529554 45.3791991)"
30284570,,Autostrada Bolog,motorway,1,0,"LINESTRING (11.9566977 45.4178548, 11.9574701 45.4166318, 11.9591095 45.4149629, 11.9604742 45.4135892, 11.960972 45.4129204, 11.9623282 45.4102752, 11.963238 45.4077987, 11.9635126 45.4062079, 11.9633753 45.4044302, 11.9612982 45.3994102, 11.9605686 45.3976443)"
30284785,,Autostrada Bolog,motorway,1,0,"LINESTRING (11.8423819 45.3383338, 11.841882 45.3378512, 11.8413412 45.3368607, 11.8409442 45.3358393, 11.8406545 45.3352063, 11.8401074 45.3343695)"
30284849,,Autostrada Bolog,motorway,1,0,"LINESTRING (11.8402683 45.3343319, 11.8413232 45.335715, 11.8431007 45.3376579, 11.8442594 45.3383713, 11.8454289 45.3387683, 11.846609 45.3389131, 11.84839 45.3390419, 11.858282 45.3391867, 11.8636034 45.3394442)"
30336745,,A4,motorway,1,0,"LINESTRING (9.0712227 45.5131858, 9.0714025 45.5131932)"
30336746,,A4,motorway,1,0,"LINESTRING (9.0714025 45.5131932, 9.0726365 45.5132924, 9.0776834 45.5135991, 9.0824384 45.5138397, 9.0909777 45.5142296, 9.0945577 45.514393, 9.1135932 45.5152167)"
30336747,,A4,motorway,1,0,"LINESTRING (9.0713695 45.5133124, 9.0711933 45.5133014)"
30336748,,A4,motorway,1,0,"LINESTRING (9.0711933 45.5133014, 9.0675983 45.5129976, 9.0646285 45.512715, 9.0637516 45.5126144, 9.0631007 45.5125345, 9.0621394 45.5126127, 9.061119 45.5126591)"
30390804,,A4,motorway,1,0,"LINESTRING (9.6658606 45.6692242, 9.6648172 45.6686442)"
30390823,,A4,motorway,1,0,"LINESTRING (9.6622624 45.6670881, 9.66462 45.6683728)"
30612739,,Autostrada Bolog,motorway,1,0,"LINESTRING (11.5154742 44.7319078, 11.5189933 44.7362959)"
30612740,,Autostrada Bolog,motorway,1,0,"LINESTRING (11.5189933 44.7362959, 11.5250873 44.7438222, 11.5264498 44.745689, 11.5482565 44.7791215, 11.5516197 44.7843182, 11.5523278 44.7870272, 11.5527999 44.7923701, 11.5531062 44.7963599, 11.5548502 44.8140001, 11.5553833 44.8167311, 11.5697788 44.8580197, 11.5700088 44.859817, 11.5700196 44.8613244, 11.5700733 44.8643499, 11.5701161 44.8692691, 11.5701274 44.8818538, 11.5702342 44.8934948, 11.5702557 44.9041485, 11.5703308 44.9060207, 11.5704059 44.9065411, 11.5706281 44.9074134, 11.5711641 44.9085846, 11.5718006 44.9095129, 11.5726566 44.9104385, 11.5742798 44.9118156)"
30612742,,Autostrada Bolog,motorway,1,0,"LINESTRING (11.5188002 44.7363334, 11.5152168 44.7319722)"
30612743,,Autostrada Bolog,motorway,1,0,"LINESTRING (11.5152168 44.7319722, 11.5087965 44.7239696, 11.4860083 44.6956628, 11.4805304 44.6888583, 11.479763 44.6879005, 11.4771616 44.6846955, 11.4750051 44.6819704, 11.4721083 44.678446, 11.4689004 44.6744388, 11.4637827 44.6691173, 11.4586329 44.6637475, 11.4531075 44.6581846, 11.4480757 44.6530079, 11.4389964 44.6437268, 11.4339289 44.6380471)"
30635182,,Autostrada Bolog,motorway,1,0,"LINESTRING (11.7631998 45.1124474, 11.7648649 45.114231)"
30635183,,Autostrada Bolog,motorway,1,0,"LINESTRING (11.7646837 45.1142781, 11.7630549 45.1125102)"
30635185,,Autostrada Bolog,motorway,1,0,"LINESTRING (11.7630549 45.1125102, 11.7571091 45.1058989, 11.7563581 45.1050138)"
30635189,,Autostrada Bolog,motorway,1,0,"LINESTRING (11.7648649 45.114231, 11.7662179 45.1158124, 11.7676233 45.1173412, 11.7684841 45.1183243)"
30635399,,Autostrada Bolog,motorway,1,0,"LINESTRING (11.7696974 45.1196571, 11.7701124 45.1200985)"
30635400,,Autostrada Bolog,motorway,1,0,"LINESTRING (11.7701124 45.1200985, 11.7711639 45.1212841, 11.7717969 45.1220565, 11.7722689 45.1229202)"
30635401,,Autostrada Bolog,motorway,1,0,"LINESTRING (11.7699944 45.1201414, 11.7695776 45.1196965)"
30635403,,Autostrada Bolog,motorway,1,0,"LINESTRING (11.7695776 45.1196965, 11.7684817 45.1184999)"
30785865,,Autostrada Bolog,motorway,1,0,"LINESTRING (11.9522345 45.3774748, 11.9483463 45.3680446, 11.9456255 45.3614473, 11.9436342 45.3586611, 11.9409735 45.3565984, 11.9362528 45.3536129)"
30785866,,Autostrada Bolog,motorway,1,0,"LINESTRING (11.9529554 45.3791991, 11.9522345 45.3774748)"
30914659,,A4,motorway,1,130,"LINESTRING (12.3461526 45.5748796, 12.345155 45.5745151, 12.3435407 45.5740617, 12.3419271 45.5736892, 12.3411117 45.573551, 12.3399186 45.5734008, 12.338511 45.5733107, 12.3368545 45.5732987, 12.3352151 45.5733828, 12.3332839 45.5736352, 12.3299623 45.5743862, 12.3212934 45.5764949, 12.3079724 45.579721, 12.3060756 45.5803578, 12.3041186 45.5810907, 12.3022475 45.5819617, 12.2951044 45.585797)"
30914859,,A4,motorway,1,0,"LINESTRING (12.0815519 45.4475625, 12.0836883 45.4482029, 12.0861516 45.4492807, 12.0882115 45.4503766, 12.0901856 45.4517193, 12.0915504 45.4527911, 12.092649 45.4539531, 12.0953216 45.457549)"
30915636,,A4,motorway,1,0,"LINESTRING (12.0815185 45.4478977, 12.0797156 45.4475207, 12.0064364 45.4324853)"
30915637,,A4,motorway,1,130,"LINESTRING (12.0967927 45.460001, 12.0950641 45.4576564)"
30915639,,A4,motorway,1,0,"LINESTRING (12.096996 45.4598435, 12.1029659 45.4679997)"
30915640,,A4,motorway,1,130,"LINESTRING (12.0950641 45.4576564, 12.0922627 45.4540254, 12.091207 45.4528693, 12.0899509 45.4518882, 12.0880223 45.4505635, 12.08595 45.4494394, 12.0831791 45.4483552, 12.0815185 45.4478977)"
30915641,,A4,motorway,1,0,"LINESTRING (12.0953216 45.457549, 12.096996 45.4598435)"
30916047,,A4,motorway,1,0,"LINESTRING (12.1045794 45.4695776, 12.107266 45.4712063, 12.1089997 45.4720489, 12.1115747 45.4728314, 12.1234622 45.4756482, 12.125711 45.4764306, 12.1277537 45.4774537, 12.1289811 45.4781819, 12.130672 45.479536, 12.1322598 45.4812211, 12.1351781 45.4857223, 12.1383367 45.4909934, 12.139178 45.4939808)"
30916051,,A4,motorway,1,130,"LINESTRING (12.1043906 45.4696293, 12.10276 45.4680521)"
30916052,,A4,motorway,1,130,"LINESTRING (12.10276 45.4680521, 12.0967927 45.460001)"
30916054,,A4,motorway,1,0,"LINESTRING (12.1029659 45.4679997, 12.1045794 45.4695776)"
30916524,,A4,motorway,1,130,"LINESTRING (12.1389119 45.4940582, 12.137856 45.4909813, 12.1349893 45.485963, 12.1319165 45.4812511, 12.1304746 45.4796684, 12.1288095 45.4783865, 12.1273675 45.4774838, 12.1254106 45.476581, 12.1233163 45.4758588, 12.1203723 45.4751366, 12.1114459 45.4730481, 12.108871 45.4722175, 12.1069827 45.4713628, 12.1059957 45.4707609, 12.1043906 45.4696293)"
30916526,,A4,motorway,1,0,"LINESTRING (12.139178 45.4939808, 12.139298 45.4967932)"
30916527,,A4,motorway,1,0,"LINESTRING (12.139298 45.4967932, 12.1390405 45.5010167, 12.1391091 45.50228, 12.1398559 45.5056306, 12.139873 45.5071344, 12.1396584 45.5105673, 12.139667 45.5128135, 12.1404137 45.516934, 12.1404825 45.5185828, 12.1403881 45.5198457, 12.1399934 45.5220673, 12.1398056 45.523942, 12.1399 45.5259178, 12.1407583 45.5284432, 12.141445 45.5301268, 12.1417024 45.5322914, 12.1412733 45.5366202, 12.1412733 45.5382434, 12.1416166 45.5401672, 12.1422174 45.5420308, 12.1435049 45.5443752, 12.1465639 45.5494802)"
30916528,,A4,motorway,1,130,"LINESTRING (12.1389976 45.4967622, 12.1389119 45.4940582)"
30917544,,A4,motorway,1,130,"LINESTRING (12.1463124 45.5495795, 12.1419158 45.542174, 12.141418 45.5403586, 12.1409974 45.5382665, 12.1410317 45.5361202, 12.141418 45.5322844, 12.1411862 45.530228, 12.1395984 45.526037, 12.1394696 45.5239624, 12.1397272 45.5219788, 12.1400876 45.5197779, 12.1402164 45.5184479, 12.1401992 45.5169504, 12.1395125 45.5129603, 12.1394525 45.5117118, 12.1394525 45.5103284, 12.1395555 45.5086081, 12.1395984 45.5070322, 12.1395125 45.5055765, 12.1392293 45.5041568, 12.1388259 45.502304, 12.1386971 45.5009866, 12.1387401 45.4996631, 12.1388688 45.4978583, 12.1389976 45.4967622)"
30917545,,A4,motorway,1,0,"LINESTRING (12.1465639 45.5494802, 12.1474888 45.550999)"
30917620,,A4,motorway,1,130,"LINESTRING (12.1472598 45.5510947, 12.1463124 45.5495795)"
30917621,,A4,motorway,1,0,"LINESTRING (12.1474888 45.550999, 12.1493414 45.5542327, 12.149513 45.5552544, 12.1501997 45.5608435, 12.150543 45.5625261, 12.1513155 45.564449, 12.1534923 45.5675191)"
30917788,,A4,motorway,1,0,"LINESTRING (12.1543196 45.5685351, 12.157152 45.5707582, 12.1598986 45.5725006, 12.1635893 45.5744232, 12.1689108 45.576586, 12.1881368 45.5836748, 12.2000673 45.5879996, 12.2040155 45.5890207, 12.2079637 45.5895013, 12.2116221 45.5895566, 12.216461 45.5891409, 12.2242716 45.5880597, 12.2294214 45.5873389)"
30917791,,A4,motorway,1,130,"LINESTRING (12.1540866 45.5686362, 12.1532067 45.5675653)"
30918036,,A4,motorway,1,130,"LINESTRING (12.1532067 45.5675653, 12.1510739 45.5645502, 12.150353 45.5626753, 12.1499581 45.5609927, 12.1492715 45.5555058, 12.1490827 45.5543639, 12.1472598 45.5510947)"
30918037,,A4,motorway,1,0,"LINESTRING (12.1534923 45.5675191, 12.1543196 45.5685351)"
30918261,,A4,motorway,1,0,"LINESTRING (12.2294214 45.5873389, 12.232683 45.5871587, 12.235324 45.5870586)"
30918262,,A4,motorway,1,130,"LINESTRING (12.2294202 45.5874941, 12.2165284 45.5893261, 12.2116961 45.5897657, 12.2078767 45.5896384, 12.20398 45.5891759, 12.1999888 45.5881788, 12.1880584 45.5838119, 12.168798 45.5766872, 12.1635194 45.5745784, 12.1598115 45.5727039, 12.1569963 45.5709014, 12.1540866 45.5686362)"
30918265,,A4,motorway,1,0,"LINESTRING (12.235324 45.5870586, 12.2370603 45.5869785, 12.2391203 45.5870986, 12.2417354 45.5875274, 12.2443483 45.5881205, 12.2482107 45.5893819, 12.2532823 45.591123, 12.2565439 45.5920239, 12.2593763 45.5925644, 12.2627237 45.5928047, 12.2662729 45.5927425)"
30918267,,A4,motorway,1,130,"LINESTRING (12.2353294 45.5872259, 12.2294202 45.5874941)"
30918458,,A4,motorway,1,130,"LINESTRING (12.2943023 45.5862227, 12.2911839 45.5876923, 12.2875619 45.5888275)"
30918459,,A4,motorway,1,0,"LINESTRING (12.2942787 45.586044, 12.2950454 45.5856519)"
30918460,,A4,motorway,1,130,"LINESTRING (12.2951044 45.585797, 12.2943023 45.5862227)"
30918461,,A4,motorway,1,0,"LINESTRING (12.2950454 45.5856519, 12.30212 45.5818726, 12.3040083 45.5809715, 12.3058966 45.5802507, 12.3078277 45.5796079, 12.3314741 45.5738825, 12.3332765 45.5734739, 12.3347357 45.5732817, 12.3367956 45.5731315, 12.3385122 45.5731255, 12.3400844 45.5731965, 12.3413017 45.5733718, 12.34296 45.5736672, 12.3458159 45.5744978)"
30920645,,A4,motorway,1,0,"LINESTRING (11.9253167 45.4258876, 11.9304175 45.4231554)"
30920648,,A4,motorway,1,0,"LINESTRING (11.9304175 45.4231554, 11.933891 45.4212685, 11.9365224 45.4199606, 11.9381776 45.4194543, 11.940307 45.4190886, 11.9422144 45.4190783, 11.9443404 45.4193536, 11.9454415 45.4195815)"
30920655,,A4,motorway,1,0,"LINESTRING (11.9254834 45.4260313, 11.9191131 45.4294342, 11.9028083 45.4359383, 11.8957075 45.438378)"
30920656,,A4,motorway,1,0,"LINESTRING (11.9304922 45.4233556, 11.9254834 45.4260313)"
30974571,,A4,motorway,1,0,"LINESTRING (12.2662729 45.5927425, 12.2691619 45.592434)"
30974572,,A4,motorway,1,130,"LINESTRING (12.2662974 45.5929349, 12.2627225 45.5929658, 12.2593408 45.5927016, 12.2564225 45.592179, 12.2532296 45.5913202, 12.2469897 45.5891579, 12.2443118 45.5882629, 12.2417303 45.5877142, 12.2391362 45.5872598, 12.2371106 45.5871337, 12.2353294 45.5872259)"
30974573,,A4,motorway,1,130,"LINESTRING (12.269216 45.5926274, 12.2662974 45.5929349)"
30974574,,A4,motorway,1,0,"LINESTRING (12.2691619 45.592434, 12.2738356 45.5914693, 12.287443 45.5886604)"
30976887,,A4,motorway,1,0,"LINESTRING (12.0068433 45.4322205, 12.0815519 45.4475625)"
30976889,,A4,motorway,1,0,"LINESTRING (12.0064364 45.4324853, 12.0050716 45.4322051)"
30976890,,A4,motorway,1,0,"LINESTRING (12.0050716 45.4322051, 11.9632367 45.423604)"
30976891,,A4,motorway,1,0,"LINESTRING (12.0054812 45.4319407, 12.0068433 45.4322205)"
31129194,,Autostrada Bolog,motorway,1,0,"LINESTRING (11.8636034 45.3394442, 11.869771 45.3403331)"
31129195,,Autostrada Bolog,motorway,1,0,"LINESTRING (11.869771 45.3403331, 11.8933822 45.343831, 11.9069843 45.3460065, 11.9190684 45.349093, 11.9321017 45.3524611)"
31129196,,Autostrada Bolog,motorway,1,0,"LINESTRING (11.8636057 45.3395274, 11.8582713 45.3392779, 11.8484115 45.3391331, 11.8460297 45.339117, 11.8446993 45.3390848)"
31129197,,Autostrada Bolog,motorway,1,0,"LINESTRING (11.8697329 45.3404064, 11.8636057 45.3395274)"
31129206,,Autostrada Bolog,motorway,1,0,"LINESTRING (11.9320582 45.3525243, 11.9189493 45.3491312, 11.9069674 45.3460729, 11.8933718 45.3439012, 11.8697329 45.3404064)"
31129207,,Autostrada Bolog,motorway,1,0,"LINESTRING (11.9362528 45.3536129, 11.9320582 45.3525243)"
31129209,,Autostrada Bolog,motorway,1,0,"LINESTRING (11.9321017 45.3524611, 11.9363145 45.3535528)"
31129211,,Autostrada Bolog,motorway,1,0,"LINESTRING (11.9363145 45.3535528, 11.9410627 45.3565573, 11.9437047 45.358605, 11.9457122 45.3614081, 11.9523402 45.3774546)"
31244684,,Autostrada Bolog,motorway,1,0,"LINESTRING (11.7918835 45.2801373, 11.7866992 45.2745777, 11.7854547 45.2731186, 11.7841565 45.2712356, 11.7832445 45.2695888, 11.7810129 45.2652007, 11.7765605 45.2566417, 11.7755573 45.2546462, 11.7751443 45.2536886, 11.7747366 45.2521866, 11.7745756 45.2510279, 11.774522 45.2490323, 11.7745194 45.2421652, 11.7745262 45.2413976, 11.7745177 45.2403944, 11.774522 45.2384054, 11.7745647 45.2253431, 11.77464 45.207222, 11.7746668 45.2029332, 11.7748009 45.1984459, 11.7754339 45.1933765, 11.7757987 45.1903724, 11.776142 45.1875185, 11.7763995 45.1836776, 11.7762493 45.1782166, 11.7759275 45.1687109, 11.7754339 45.1537871, 11.7749019 45.1355441, 11.7745005 45.132839, 11.7739426 45.1301836, 11.7730521 45.1258546, 11.7728161 45.1248568, 11.7724942 45.1238536, 11.7720758 45.1229309)"
31244698,,Autostrada Bolog,motorway,1,0,"LINESTRING (11.7925182 45.28082, 11.7918835 45.2801373)"
31244810,,Autostrada Bolog,motorway,1,0,"LINESTRING (11.7919714 45.2800881, 11.7925093 45.2806652)"
31244815,,Autostrada Bolog,motorway,1,0,"LINESTRING (11.7925093 45.2806652, 11.7953145 45.2836543, 11.7986511 45.2872592, 11.8002497 45.2889865, 11.8012583 45.2899843, 11.802138 45.2907675, 11.8034577 45.291894, 11.8085231 45.296112, 11.8127123 45.2995126, 11.8161965 45.3024409)"
31293364,,Autostrada Bolog,motorway,1,0,"LINESTRING (11.8401074 45.3343695, 11.8341314 45.3268647, 11.8315666 45.3235383, 11.8298291 45.3210174, 11.82406 45.3124883, 11.8209593 45.3080112, 11.8196797 45.3061634, 11.8190252 45.3053051, 11.8182907 45.3045116)"
31293403,,Autostrada Bolog,motorway,1,0,"LINESTRING (11.8184029 45.3044414, 11.8191432 45.3052407, 11.8198299 45.3061312, 11.8211388 45.3079926, 11.8226687 45.3102581, 11.8300008 45.3209799, 11.8316852 45.3234743, 11.8342709 45.3268217, 11.8366205 45.3297346, 11.8392683 45.3331004, 11.8402683 45.3343319)"
31293469,,Autostrada Bolog,motorway,1,0,"LINESTRING (11.8161965 45.3024409, 11.8168258 45.3029823)"
31293470,,Autostrada Bolog,motorway,1,0,"LINESTRING (11.8168258 45.3029823, 11.8178838 45.3039612)"
31293471,,Autostrada Bolog,motorway,1,0,"LINESTRING (11.8160706 45.3024899, 11.8083393 45.2961426, 11.8051528 45.293439, 11.8022346 45.2910411, 11.8010866 45.2900165, 11.8001317 45.2890455, 11.7985224 45.2872967, 11.7951857 45.2836972, 11.7925182 45.28082)"
31293472,,Autostrada Bolog,motorway,1,0,"LINESTRING (11.8167292 45.3030306, 11.8160706 45.3024899)"
31415917,A4,A4,motorway,0,0,"LINESTRING (8.241116 45.4397762, 8.2359104 45.4388599, 8.2288434 45.4376159, 8.2271096 45.4372365, 8.2224554 45.4361388, 8.2194278 45.43552, 8.2135226 45.4338637, 8.2082968 45.432254, 8.2010269 45.429736, 8.1961329 45.4277256, 8.1909749 45.4253294, 8.1859185 45.4225067, 8.1804965 45.418953, 8.1769428 45.4164958, 8.1732469 45.4138153, 8.1695104 45.4108708, 8.166444 45.4079466, 8.1627076 45.4044944, 8.1583619 45.4004533, 8.15361 45.3960264, 8.1490207 45.3918025, 8.1421569 45.3855074, 8.1420522 45.3854128, 8.1347233 45.3786205, 8.1337363 45.3777222, 8.130758 45.375003, 8.1201202 45.3652361, 8.1193478 45.3644884, 8.1187555 45.3639637, 8.1166784 45.3620158, 8.1031429 45.3495129, 8.1003448 45.3469673, 8.0960876 45.3429979, 8.0925943 45.339897, 8.0877964 45.3353781, 8.0814964 45.3295615, 8.0737144 45.3223938, 8.0732828 45.3219954, 8.0658952 45.3151756, 8.0612833 45.3109009, 8.0481512 45.2988153, 8.0374224 45.2889432, 8.0364662 45.2880514, 8.0340235 45.2857729, 8.0284359 45.2806699, 8.0158703 45.2691578, 8.0059214 45.2602255, 8.0021019 45.2570234, 7.9978533 45.2540024, 7.9912873 45.250105, 7.9850044 45.2469326, 7.9816788 45.2456573, 7.9748249 45.2430287, 7.9640618 45.2395476, 7.9581249 45.2374659, 7.9550066 45.2363686, 7.9487067 45.2340355, 7.927146 45.2252222)"
31415919,A4,A4,motorway,0,0,"LINESTRING (8.2424471 45.4400424, 8.2418286 45.4399176, 8.241116 45.4397762)"
31739110,,A4,motorway,1,0,"LINESTRING (9.9004311 45.6231339, 9.8966356 45.6239716, 9.894401 45.6244568, 9.8914503 45.6251815, 9.8617277 45.6317352)"
31739111,,A4,motorway,1,0,"LINESTRING (9.9003583 45.6230409, 9.9040736 45.6222792)"
31739112,,A4,motorway,1,0,"LINESTRING (9.9040736 45.6222792, 9.9111359 45.62071, 9.9145792 45.6199243, 9.9190282 45.6189381, 9.9211801 45.6183434, 9.921898 45.6181019, 9.9233834 45.617578, 9.9249756 45.6169267, 9.9279257 45.6155131, 9.9634328 45.5950465, 9.9686034 45.5920537, 9.983847 45.5832723, 9.9860124 45.5820964, 9.9879868 45.5812085, 9.990161 45.5803881, 9.9923118 45.57977, 9.9940044 45.5794374, 10.0058075 45.5772685, 10.009168 45.576651, 10.0133602 45.5758868, 10.0189494 45.574786, 10.0229646 45.5739819, 10.0279546 45.5730729, 10.0397742 45.570949, 10.049177 45.5691796, 10.0650317 45.5662525, 10.0796298 45.5635303, 10.0853463 45.56242, 10.0871118 45.5620109, 10.0897041 45.5612142, 10.0917838 45.5604615, 10.0940296 45.5595244, 10.0986794 45.5572995, 10.1087173 45.5523428, 10.1220359 45.54566, 10.1273295 45.5432019, 10.1328971 45.5404589, 10.1455244 45.5342461, 10.1470925 45.5334432, 10.1507425 45.5318389, 10.1518219 45.5314324, 10.1579301 45.5286775, 10.1648193 45.525471, 10.1667138 45.5246331, 10.1674251 45.5243227, 10.1713626 45.5226044, 10.1731876 45.5219794, 10.174578 45.5215867, 10.1773012 45.5209976, 10.1797344 45.5206479, 10.1821021 45.5204318, 10.1889627 45.519633, 10.1933609 45.5191516, 10.1964234 45.518819, 10.1983085 45.5185293, 10.2000914 45.5180808, 10.201028 45.517718, 10.2199657 45.5089556, 10.2224404 45.5079342, 10.2244643 45.507308, 10.2270905 45.5067044, 10.2284226 45.5064679, 10.2309416 45.5061212, 10.2333364 45.505843, 10.2351791 45.5054663, 10.237272 45.5050063, 10.2406904 45.5042175, 10.2425387 45.5038042)"
31739113,,A4,motorway,1,0,"LINESTRING (9.9041045 45.6223735, 9.9004311 45.6231339)"
31991855,,A4,motorway,1,0,"LINESTRING (9.1645723 45.5370857, 9.1643585 45.5369842)"
31991856,,A4,motorway,1,0,"LINESTRING (9.1643585 45.5369842, 9.1637574 45.5367079, 9.1625257 45.5361154)"
31991857,,A4,motorway,1,0,"LINESTRING (9.1644869 45.5369248, 9.1646829 45.5370215)"
31991859,,A4,motorway,1,0,"LINESTRING (9.1646829 45.5370215, 9.1660372 45.5376544, 9.1684768 45.5388075, 9.1712196 45.5398174)"
31991933,,A4,motorway,1,0,"LINESTRING (9.1622799 45.5358707, 9.1626019 45.5360251)"
31991934,,A4,motorway,1,0,"LINESTRING (9.1626019 45.5360251, 9.1626827 45.5360619, 9.1644869 45.5369248)"
31991935,,A4,motorway,1,0,"LINESTRING (9.1625257 45.5361154, 9.1622299 45.5359718)"
31991936,,A4,motorway,1,0,"LINESTRING (9.1622299 45.5359718, 9.1613922 45.5355719, 9.1609891 45.5353833)"
32060349,,A4,motorway,1,0,"LINESTRING (10.2377348 45.5051067, 10.2352411 45.5056648, 10.2326695 45.5061214, 10.2305738 45.5063814, 10.2284799 45.5066838, 10.2271104 45.5069113, 10.2245194 45.5075346, 10.222506 45.5081425, 10.2200464 45.5091534, 10.2010954 45.5178625, 10.2001627 45.518206, 10.1983637 45.518682, 10.1964366 45.5189854, 10.1934084 45.5193273, 10.1889493 45.5198602, 10.1821474 45.5206092, 10.1797192 45.5208591, 10.17733 45.521205, 10.1746526 45.52181, 10.1732615 45.5222027, 10.1714765 45.5228182, 10.1675748 45.5245004, 10.1648983 45.5256465, 10.1579987 45.5288402, 10.1519141 45.5315788, 10.1509715 45.5320394, 10.1472499 45.5337139, 10.1456382 45.5344156, 10.1330191 45.5406124, 10.1273983 45.5433747, 10.1221336 45.5458132, 10.108817 45.5524594, 10.098754 45.5574389, 10.0941018 45.5596749, 10.0919038 45.5605937, 10.0897585 45.5613659, 10.0871777 45.5621562, 10.0853827 45.5625908, 10.0796811 45.563689, 10.0713914 45.5652385, 10.0688511 45.5657223, 10.0650862 45.5664127, 10.0492213 45.5693401, 10.0398061 45.5710609, 10.0280177 45.5732296, 10.0229975 45.5741681, 10.0190084 45.574967, 10.0134053 45.5760821, 10.0092358 45.5768507, 10.0063817 45.5773716, 9.9940789 45.5796262, 9.9923582 45.5799876, 9.9902667 45.5805796, 9.988079 45.581353, 9.9861361 45.5822461, 9.9840032 45.583396, 9.9680672 45.5925718, 9.963586 45.5951447, 9.9280296 45.6156304, 9.925 45.617052, 9.923096 45.6178426, 9.9218816 45.6182666, 9.9203605 45.618717, 9.9190446 45.6190382, 9.9146271 45.6200382, 9.9111615 45.6208311, 9.9043879 45.6223122, 9.9041045 45.6223735)"
33176484,A4,A4,motorway,1,0,"LINESTRING (8.0099554 45.2632462, 8.0233633 45.2756691, 8.0294573 45.2813826, 8.0319292 45.2835808, 8.0351221 45.286564, 8.0379116 45.2891485, 8.0416281 45.2925783, 8.0481941 45.29861, 8.0525543 45.3026368, 8.0560476 45.3058122, 8.0611202 45.3105327, 8.0661499 45.315126, 8.0710766 45.3197733, 8.0777714 45.3258986, 8.0816337 45.3294408, 8.088277 45.3355591, 8.0924141 45.3393902, 8.1066534 45.3525288, 8.114742 45.3599821, 8.1187674 45.3636608, 8.1232016 45.3677809, 8.1264388 45.3707856, 8.1288163 45.3729744, 8.1309211 45.3748643, 8.1354443 45.3790606, 8.1377341 45.3812161, 8.1419913 45.3850562, 8.1428423 45.3858445, 8.1477505 45.3903909, 8.150171 45.392591, 8.1525399 45.3947367, 8.1546599 45.3967859, 8.1565568 45.3984373, 8.1596896 45.4013361, 8.1633717 45.4047349, 8.1657922 45.4069947, 8.1703069 45.4110138, 8.1736285 45.413677, 8.1770531 45.4162738, 8.180392 45.418527, 8.1835849 45.4206838, 8.1869065 45.4224188, 8.1932408 45.4260333, 8.1979787 45.4282379, 8.201944 45.4298041, 8.2077719 45.4318339, 8.212836 45.4334542, 8.2175051 45.4347611, 8.2224061 45.4359537, 8.2238903 45.4362728, 8.229324 45.4374413, 8.2341306 45.4382664, 8.2373652 45.4388299, 8.2403533 45.4393504, 8.2465932 45.4403983, 8.2543694 45.441657, 8.2605492 45.4426867, 8.2746941 45.4450413, 8.2813203 45.4460409, 8.288573 45.4472814, 8.2956626 45.4484496, 8.3023402 45.4496057, 8.3098332 45.4507859, 8.320193 45.452532, 8.3332993 45.4546513, 8.3400284 45.4557955, 8.3428952 45.4562829, 8.3501479 45.4574871, 8.3521516 45.4578125, 8.3558556 45.4584142, 8.3641383 45.4597688, 8.3691336 45.460425, 8.3749873 45.4609668, 8.3809525 45.4614123, 8.3874928 45.4617253, 8.3960072 45.4622129, 8.407397 45.462833, 8.4190356 45.463423, 8.4293525 45.4639407, 8.4361073 45.464338, 8.4372552 45.4643671, 8.4403276 45.4646263, 8.4436693 45.4648361, 8.4475975 45.465101, 8.4495287 45.4652094, 8.4522839 45.4654622, 8.4561815 45.4657707, 8.4608753 45.4660878, 8.4637281 45.4663152, 8.4834457 45.4677956, 8.5073385 45.4695854)"
33176490,A4,A4,motorway,1,0,"LINESTRING (7.7295192 45.1322154, 7.7305037 45.1326679, 7.7308718 45.1328574, 7.7321472 45.1334351, 7.7343145 45.1345886, 7.7374574 45.1362583, 7.740453 45.1376333, 7.7437923 45.1393521, 7.749096 45.1420039, 7.7558238 45.1452942, 7.7638284 45.1492228, 7.7720294 45.1534461, 7.783226 45.1589462, 7.7996281 45.1670981, 7.8083202 45.1714196, 7.8236419 45.1789822, 7.8327269 45.1835493, 7.8483827 45.1913079, 7.8497818 45.191943, 7.8528974 45.1933765, 7.8567255 45.1950036, 7.871915 45.2017192, 7.8772007 45.2040046, 7.8800069 45.2052178, 7.8867948 45.2081524, 7.8967146 45.212523, 7.9102684 45.2180722, 7.9182881 45.2213331, 7.9227418 45.2231303, 7.9272747 45.225053, 7.9487581 45.2337152, 7.9551783 45.2361752, 7.9642935 45.2392575, 7.9750824 45.2427628, 7.9852963 45.2466727, 7.9916306 45.2498633, 7.9982825 45.2537607, 8.002574 45.2567213, 8.0065222 45.2600745, 8.0099554 45.2632462)"
33498883,,A4,motorway,1,0,"LINESTRING (10.673388 45.430159, 10.6736997 45.4301407)"
33498884,,A4,motorway,1,0,"LINESTRING (10.6736997 45.4301407, 10.6826256 45.4295209, 10.6877482 45.4292113, 10.6897571 45.4291563, 10.6995975 45.4292488)"
33498885,A4,A4,motorway,1,130,"LINESTRING (10.6736942 45.4302451, 10.6733847 45.4302618)"
33848286,A4,A4,motorway,1,130,"LINESTRING (10.7029093 45.4293844, 10.6995499 45.4293808)"
33848287,A4,A4,motorway,1,130,"LINESTRING (10.6995499 45.4293808, 10.695759 45.4293612, 10.6897049 45.4293042, 10.6877521 45.429332, 10.6826045 45.4296573, 10.6736942 45.4302451)"
33848288,,A4,motorway,1,0,"LINESTRING (10.6995975 45.4292488, 10.7029741 45.4292533)"
33848289,,A4,motorway,1,0,"LINESTRING (10.7029741 45.4292533, 10.7086122 45.4292967, 10.710096 45.4293182, 10.7126162 45.4293233, 10.719847 45.4293907, 10.7280397 45.4293598, 10.7309437 45.4292165, 10.7358949 45.428693, 10.7402376 45.4282487, 10.7507538 45.4272006, 10.7571103 45.4265375, 10.7634308 45.4259041, 10.7670989 45.4255064, 10.7704575 45.425076, 10.7724243 45.4246163, 10.7743561 45.4240858, 10.7761533 45.4234624, 10.7822892 45.4210871, 10.7874847 45.4194277, 10.792402 45.4183038, 10.7951403 45.4178118, 10.7995097 45.4173046, 10.804041 45.4168267, 10.8080247 45.4163839, 10.8105231 45.4162111, 10.8124426 45.4161914, 10.8144867 45.4162492, 10.8188977 45.4165771, 10.8240498 45.4169369, 10.8359065 45.4177721, 10.8385431 45.4177987)"
34373912,,A4,motorway,1,0,"LINESTRING (12.3458159 45.5744978, 12.3461908 45.5747034, 12.3530043 45.5784404, 12.3556215 45.5800825, 12.3584251 45.5819564, 12.3595259 45.5827165)"
34427441,,A4,motorway,1,0,"LINESTRING (9.2685782 45.5562167, 9.2650842 45.5557033, 9.2633392 45.5554462, 9.2566987 45.5544129, 9.2485639 45.5531892, 9.2458198 45.5527927, 9.2400516 45.5519165, 9.2374926 45.551527, 9.2305323 45.5506176, 9.2251959 45.5497556, 9.221796 45.5492261, 9.2201427 45.5489916, 9.2177541 45.5487849, 9.2168065 45.5487659)"
34570212,,A4,motorway,1,0,"LINESTRING (11.8621788 45.4456497, 11.8628815 45.4455201)"
34570213,,A4,motorway,1,0,"LINESTRING (11.8628815 45.4455201, 11.8629239 45.4455112, 11.8647875 45.4451756, 11.8703678 45.4441148)"
35304146,,A4,motorway,1,130,"LINESTRING (12.2875619 45.5888275, 12.2738375 45.5917032, 12.271194 45.5922571, 12.269216 45.5926274)"
35304148,,A4,motorway,1,0,"LINESTRING (12.287443 45.5886604, 12.2910478 45.5875792, 12.2921472 45.5870568, 12.2942787 45.586044)"
35342258,,A4,motorway,1,0,"LINESTRING (9.6648172 45.6686442, 9.6644898 45.6684575)"
35342259,,A4,motorway,1,0,"LINESTRING (9.6644898 45.6684575, 9.6594062 45.6656608)"
35342260,,A4,motorway,1,0,"LINESTRING (9.66462 45.6683728, 9.664942 45.6685572)"
35342261,,A4,motorway,1,0,"LINESTRING (9.664942 45.6685572, 9.6659877 45.6691101, 9.6669137 45.6694644, 9.6676883 45.6696729, 9.6683806 45.669797, 9.6692831 45.6698864, 9.6704104 45.6698276, 9.6718687 45.6695827, 9.6762353 45.6687921, 9.6875643 45.6666822, 9.6904604 45.6661433, 9.7075512 45.6629753, 9.7475181 45.6555113, 9.7512824 45.6548561, 9.7525695 45.6546384, 9.7676707 45.6520738, 9.7702688 45.6515988, 9.7767453 45.65022, 9.817838 45.6412515, 9.8371308 45.6369733, 9.8543527 45.6332164, 9.8567689 45.6326913, 9.8614033 45.63169)"
35342264,,A4,motorway,1,0,"LINESTRING (9.6594062 45.6656608, 9.6590643 45.6654805)"
35342265,,A4,motorway,1,0,"LINESTRING (9.6590643 45.6654805, 9.6479213 45.6594026, 9.6215923 45.6447382, 9.6192909 45.6434742, 9.6142216 45.6406453)"
35342266,,A4,motorway,1,0,"LINESTRING (9.6589327 45.6652294, 9.6593316 45.6654551)"
35342267,,A4,motorway,1,0,"LINESTRING (9.6593316 45.6654551, 9.6622624 45.6670881)"
35769294,,A4,motorway,1,0,"LINESTRING (9.6142216 45.6406453, 9.6138943 45.6404626)"
35769295,,A4,motorway,1,0,"LINESTRING (9.6138943 45.6404626, 9.6132908 45.6401258)"
35769296,,A4,motorway,1,130,"LINESTRING (9.6141582 45.6403688, 9.6144746 45.6405442)"
35769297,,A4,motorway,1,0,"LINESTRING (9.6144746 45.6405442, 9.6183528 45.6426947, 9.6203573 45.6438092, 9.6341741 45.6514786, 9.6481009 45.6592005, 9.6589327 45.6652294)"
36192765,,A4,motorway,1,0,"LINESTRING (9.6132908 45.6401258, 9.6130929 45.6400154)"
36192766,,A4,motorway,1,0,"LINESTRING (9.6130929 45.6400154, 9.6105749 45.6386154)"
36192767,,A4,motorway,1,0,"LINESTRING (9.6133155 45.6399015, 9.6134732 45.6399889)"
36192768,,A4,motorway,1,0,"LINESTRING (9.6134732 45.6399889, 9.6141582 45.6403688)"
36192769,,A4,motorway,1,0,"LINESTRING (9.6098219 45.637978, 9.6103569 45.6382875)"
36192770,,A4,motorway,1,0,"LINESTRING (9.6103569 45.6382875, 9.6133155 45.6399015)"
36192771,,A4,motorway,1,0,"LINESTRING (9.6105749 45.6386154, 9.6100399 45.6383152)"
36192772,,A4,motorway,1,0,"LINESTRING (9.6100399 45.6383152, 9.6005177 45.6329971, 9.5971778 45.631133, 9.5883196 45.6261885)"
37054148,,Autostrada Bolog,motorway,1,0,"LINESTRING (11.8177672 45.3040105, 11.8167292 45.3030306)"
37054149,,Autostrada Bolog,motorway,1,0,"LINESTRING (11.8182907 45.3045116, 11.8177672 45.3040105)"
37054154,,Autostrada Bolog,motorway,1,0,"LINESTRING (11.8184029 45.3044414, 11.8191432 45.3052407, 11.8198299 45.3061312, 11.8211388 45.3079926, 11.8226687 45.3102581, 11.8300008 45.3209799, 11.8316852 45.3234743, 11.8342709 45.3268217, 11.8366205 45.3297346, 11.8392683 45.3331004, 11.8402683 45.3343319)"
37054171,,Autostrada Bolog,motorway,1,0,"LINESTRING (11.8178838 45.3039612, 11.8184029 45.3044414)"
37232763,Brenner Autobahn,A13,motorway,1,0,"LINESTRING (11.5050618 47.0191375, 11.5060143 47.0183907, 11.5064102 47.0179727, 11.506743 47.0173725, 11.5068638 47.0169943, 11.5068993 47.0165951, 11.5068552 47.0162647)"
